Using launch settings from D:\Quoc_Project\TimesheetBlogMeeting\src\TimesheetBlogMeeting.API\Properties\launchSettings.json...
Building...
info: Microsoft.EntityFrameworkCore.Database.Command[20101]
      Executed DbCommand (7ms) [Parameters=[], CommandType='Text', CommandTimeout='30']
      SELECT 1
info: Microsoft.EntityFrameworkCore.Database.Command[20101]
      Executed DbCommand (15ms) [Parameters=[], CommandType='Text', CommandTimeout='30']
      
      IF EXISTS
          (SELECT *
           FROM [sys].[objects] o
           WHERE [o].[type] = 'U'
           AND [o].[is_ms_shipped] = 0
           AND NOT EXISTS (SELECT *
               FROM [sys].[extended_properties] AS [ep]
               WHERE [ep].[major_id] = [o].[object_id]
                   AND [ep].[minor_id] = 0
                   AND [ep].[class] = 1
                   AND [ep].[name] = N'microsoft_database_tools_support'
          )
      )
      SELECT 1 ELSE SELECT 0
info: Microsoft.EntityFrameworkCore.Database.Command[20101]
      Executed DbCommand (1ms) [Parameters=[], CommandType='Text', CommandTimeout='30']
      
IF OBJECT_ID(N'[LeaveBalances]', N'U') IS NOT NULL DROP TABLE [LeaveBalances];
IF OBJECT_ID(N'[LeaveColumns]', N'U') IS NULL
BEGIN
    CREATE TABLE [LeaveColumns] (
        [Id] uniqueidentifier NOT NULL,
        [Position] int NOT NULL,
        [Header] nvarchar(200) NOT NULL,
        [IsNumeric] bit NOT NULL,
        CONSTRAINT [PK_LeaveColumns] PRIMARY KEY ([Id])
    );
END
IF OBJECT_ID(N'[LeaveRows]', N'U') IS NULL
BEGIN
    CREATE TABLE [LeaveRows] (
        [Id] uniqueidentifier NOT NULL,
        [Position] int NOT NULL,
        [CellsJson] nvarchar(max) NOT NULL,
        CONSTRAINT [PK_LeaveRows] PRIMARY KEY ([Id])
    );
END
info: Microsoft.EntityFrameworkCore.Database.Command[20101]
      Executed DbCommand (2ms) [Parameters=[], CommandType='Text', CommandTimeout='30']
      SELECT CASE
          WHEN EXISTS (
              SELECT 1
              FROM [Users] AS [u]
              WHERE [u].[Username] = N'admin') THEN CAST(1 AS bit)
          ELSE CAST(0 AS bit)
      END
info: Microsoft.Hosting.Lifetime[14]
      Now listening on: http://localhost:5000
info: Microsoft.Hosting.Lifetime[0]
      Application started. Press Ctrl+C to shut down.
info: Microsoft.Hosting.Lifetime[0]
      Hosting environment: Development
info: Microsoft.Hosting.Lifetime[0]
      Content root path: D:\Quoc_Project\TimesheetBlogMeeting\src\TimesheetBlogMeeting.API
info: Microsoft.EntityFrameworkCore.Database.Command[20101]
      Executed DbCommand (46ms) [Parameters=[@__request_Username_0='?' (Size = 100)], CommandType='Text', CommandTimeout='30']
      SELECT TOP(1) [u].[Id], [u].[AuthProvider], [u].[CreatedAt], [u].[Email], [u].[FullName], [u].[PasswordHash], [u].[Role], [u].[Username]
      FROM [Users] AS [u]
      WHERE [u].[Username] = @__request_Username_0
info: Microsoft.EntityFrameworkCore.Database.Command[20101]
      Executed DbCommand (2ms) [Parameters=[], CommandType='Text', CommandTimeout='30']
      SELECT [b].[Id], [b].[AuthorId], [b].[Content], [b].[CreatedAt], [b].[ImageUrl], [b].[Title], [u].[Id], [u].[AuthProvider], [u].[CreatedAt], [u].[Email], [u].[FullName], [u].[PasswordHash], [u].[Role], [u].[Username]
      FROM [BlogPosts] AS [b]
      INNER JOIN [Users] AS [u] ON [b].[AuthorId] = [u].[Id]
      ORDER BY [b].[CreatedAt] DESC
info: Microsoft.EntityFrameworkCore.Database.Command[20101]
      Executed DbCommand (1ms) [Parameters=[], CommandType='Text', CommandTimeout='30']
      SELECT [t].[Id], [t].[CheckIn], [t].[CheckOut], [t].[EmployeeName], [t].[Note], [t].[WorkDate], [t].[WorkHours]
      FROM [TimesheetEntries] AS [t]
      ORDER BY [t].[WorkDate], [t].[EmployeeName]
info: Microsoft.EntityFrameworkCore.Database.Command[20101]
      Executed DbCommand (1ms) [Parameters=[], CommandType='Text', CommandTimeout='30']
      SELECT [l].[Id], [l].[Header], [l].[IsNumeric], [l].[Position]
      FROM [LeaveColumns] AS [l]
      ORDER BY [l].[Position]
info: Microsoft.EntityFrameworkCore.Database.Command[20101]
      Executed DbCommand (1ms) [Parameters=[], CommandType='Text', CommandTimeout='30']
      SELECT [l].[Id], [l].[CellsJson], [l].[Position]
      FROM [LeaveRows] AS [l]
      ORDER BY [l].[Position]
info: Microsoft.EntityFrameworkCore.Database.Command[20101]
      Executed DbCommand (2ms) [Parameters=[], CommandType='Text', CommandTimeout='30']
      SELECT [m].[Id], [m].[CreatedAt], [m].[CreatedById], [m].[Description], [m].[EndTime], [m].[MeetingDate], [m].[StartTime], [m].[Title], [u].[Id], [u].[AuthProvider], [u].[CreatedAt], [u].[Email], [u].[FullName], [u].[PasswordHash], [u].[Role], [u].[Username]
      FROM [Meetings] AS [m]
      INNER JOIN [Users] AS [u] ON [m].[CreatedById] = [u].[Id]
      ORDER BY [m].[MeetingDate], [m].[StartTime]
info: Microsoft.EntityFrameworkCore.Database.Command[20101]
      Executed DbCommand (2ms) [Parameters=[@__date_0='?' (DbType = DateTime2)], CommandType='Text', CommandTimeout='30']
      SELECT [m].[Id], [m].[CreatedAt], [m].[CreatedById], [m].[Description], [m].[EndTime], [m].[MeetingDate], [m].[StartTime], [m].[Title]
      FROM [Meetings] AS [m]
      WHERE [m].[MeetingDate] = @__date_0
info: Microsoft.EntityFrameworkCore.Database.Command[20101]
      Executed DbCommand (2ms) [Parameters=[@p0='?' (DbType = Guid), @p1='?' (DbType = DateTime2), @p2='?' (DbType = Guid), @p3='?' (Size = 1000), @p4='?' (Size = 10), @p5='?' (DbType = DateTime2), @p6='?' (Size = 10), @p7='?' (Size = 250)], CommandType='Text', CommandTimeout='30']
      SET IMPLICIT_TRANSACTIONS OFF;
      SET NOCOUNT ON;
      INSERT INTO [Meetings] ([Id], [CreatedAt], [CreatedById], [Description], [EndTime], [MeetingDate], [StartTime], [Title])
      VALUES (@p0, @p1, @p2, @p3, @p4, @p5, @p6, @p7);
info: Microsoft.EntityFrameworkCore.Database.Command[20101]
      Executed DbCommand (2ms) [Parameters=[@__get_Item_0='?' (DbType = Guid)], CommandType='Text', CommandTimeout='30']
      SELECT TOP(1) [u].[Id], [u].[AuthProvider], [u].[CreatedAt], [u].[Email], [u].[FullName], [u].[PasswordHash], [u].[Role], [u].[Username]
      FROM [Users] AS [u]
      WHERE [u].[Id] = @__get_Item_0
info: Microsoft.EntityFrameworkCore.Database.Command[20101]
      Executed DbCommand (3ms) [Parameters=[], CommandType='Text', CommandTimeout='30']
      SELECT [m].[Id], [m].[CreatedAt], [m].[CreatedById], [m].[Description], [m].[EndTime], [m].[MeetingDate], [m].[StartTime], [m].[Title], [u].[Id], [u].[AuthProvider], [u].[CreatedAt], [u].[Email], [u].[FullName], [u].[PasswordHash], [u].[Role], [u].[Username]
      FROM [Meetings] AS [m]
      INNER JOIN [Users] AS [u] ON [m].[CreatedById] = [u].[Id]
      ORDER BY [m].[MeetingDate], [m].[StartTime]
info: Microsoft.EntityFrameworkCore.Database.Command[20101]
      Executed DbCommand (1ms) [Parameters=[], CommandType='Text', CommandTimeout='30']
      SELECT [b].[Id], [b].[AuthorId], [b].[Content], [b].[CreatedAt], [b].[ImageUrl], [b].[Title], [u].[Id], [u].[AuthProvider], [u].[CreatedAt], [u].[Email], [u].[FullName], [u].[PasswordHash], [u].[Role], [u].[Username]
      FROM [BlogPosts] AS [b]
      INNER JOIN [Users] AS [u] ON [b].[AuthorId] = [u].[Id]
      ORDER BY [b].[CreatedAt] DESC
info: Microsoft.EntityFrameworkCore.Database.Command[20101]
      Executed DbCommand (0ms) [Parameters=[], CommandType='Text', CommandTimeout='30']
      SELECT [m].[Id], [m].[CreatedAt], [m].[CreatedById], [m].[Description], [m].[EndTime], [m].[MeetingDate], [m].[StartTime], [m].[Title], [u].[Id], [u].[AuthProvider], [u].[CreatedAt], [u].[Email], [u].[FullName], [u].[PasswordHash], [u].[Role], [u].[Username]
      FROM [Meetings] AS [m]
      INNER JOIN [Users] AS [u] ON [m].[CreatedById] = [u].[Id]
      ORDER BY [m].[MeetingDate], [m].[StartTime]
info: Microsoft.EntityFrameworkCore.Database.Command[20101]
      Executed DbCommand (1ms) [Parameters=[@__date_0='?' (DbType = DateTime2)], CommandType='Text', CommandTimeout='30']
      SELECT [m].[Id], [m].[CreatedAt], [m].[CreatedById], [m].[Description], [m].[EndTime], [m].[MeetingDate], [m].[StartTime], [m].[Title]
      FROM [Meetings] AS [m]
      WHERE [m].[MeetingDate] = @__date_0
info: Microsoft.EntityFrameworkCore.Database.Command[20101]
      Executed DbCommand (0ms) [Parameters=[@p0='?' (DbType = Guid), @p1='?' (DbType = DateTime2), @p2='?' (DbType = Guid), @p3='?' (Size = 1000), @p4='?' (Size = 10), @p5='?' (DbType = DateTime2), @p6='?' (Size = 10), @p7='?' (Size = 250)], CommandType='Text', CommandTimeout='30']
      SET IMPLICIT_TRANSACTIONS OFF;
      SET NOCOUNT ON;
      INSERT INTO [Meetings] ([Id], [CreatedAt], [CreatedById], [Description], [EndTime], [MeetingDate], [StartTime], [Title])
      VALUES (@p0, @p1, @p2, @p3, @p4, @p5, @p6, @p7);
info: Microsoft.EntityFrameworkCore.Database.Command[20101]
      Executed DbCommand (0ms) [Parameters=[@__get_Item_0='?' (DbType = Guid)], CommandType='Text', CommandTimeout='30']
      SELECT TOP(1) [u].[Id], [u].[AuthProvider], [u].[CreatedAt], [u].[Email], [u].[FullName], [u].[PasswordHash], [u].[Role], [u].[Username]
      FROM [Users] AS [u]
      WHERE [u].[Id] = @__get_Item_0
info: Microsoft.EntityFrameworkCore.Database.Command[20101]
      Executed DbCommand (0ms) [Parameters=[], CommandType='Text', CommandTimeout='30']
      SELECT [m].[Id], [m].[CreatedAt], [m].[CreatedById], [m].[Description], [m].[EndTime], [m].[MeetingDate], [m].[StartTime], [m].[Title], [u].[Id], [u].[AuthProvider], [u].[CreatedAt], [u].[Email], [u].[FullName], [u].[PasswordHash], [u].[Role], [u].[Username]
      FROM [Meetings] AS [m]
      INNER JOIN [Users] AS [u] ON [m].[CreatedById] = [u].[Id]
      ORDER BY [m].[MeetingDate], [m].[StartTime]
info: Microsoft.EntityFrameworkCore.Database.Command[20101]
      Executed DbCommand (2ms) [Parameters=[@__get_Item_0='?' (DbType = Guid)], CommandType='Text', CommandTimeout='30']
      SELECT TOP(1) [m].[Id], [m].[CreatedAt], [m].[CreatedById], [m].[Description], [m].[EndTime], [m].[MeetingDate], [m].[StartTime], [m].[Title]
      FROM [Meetings] AS [m]
      WHERE [m].[Id] = @__get_Item_0
info: Microsoft.EntityFrameworkCore.Database.Command[20101]
      Executed DbCommand (2ms) [Parameters=[@p0='?' (DbType = Guid)], CommandType='Text', CommandTimeout='30']
      SET IMPLICIT_TRANSACTIONS OFF;
      SET NOCOUNT ON;
      DELETE FROM [Meetings]
      OUTPUT 1
      WHERE [Id] = @p0;
info: Microsoft.EntityFrameworkCore.Database.Command[20101]
      Executed DbCommand (1ms) [Parameters=[], CommandType='Text', CommandTimeout='30']
      SELECT [m].[Id], [m].[CreatedAt], [m].[CreatedById], [m].[Description], [m].[EndTime], [m].[MeetingDate], [m].[StartTime], [m].[Title], [u].[Id], [u].[AuthProvider], [u].[CreatedAt], [u].[Email], [u].[FullName], [u].[PasswordHash], [u].[Role], [u].[Username]
      FROM [Meetings] AS [m]
      INNER JOIN [Users] AS [u] ON [m].[CreatedById] = [u].[Id]
      ORDER BY [m].[MeetingDate], [m].[StartTime]
info: Microsoft.EntityFrameworkCore.Database.Command[20101]
      Executed DbCommand (0ms) [Parameters=[@__get_Item_0='?' (DbType = Guid)], CommandType='Text', CommandTimeout='30']
      SELECT TOP(1) [m].[Id], [m].[CreatedAt], [m].[CreatedById], [m].[Description], [m].[EndTime], [m].[MeetingDate], [m].[StartTime], [m].[Title]
      FROM [Meetings] AS [m]
      WHERE [m].[Id] = @__get_Item_0
info: Microsoft.EntityFrameworkCore.Database.Command[20101]
      Executed DbCommand (2ms) [Parameters=[@p0='?' (DbType = Guid)], CommandType='Text', CommandTimeout='30']
      SET IMPLICIT_TRANSACTIONS OFF;
      SET NOCOUNT ON;
      DELETE FROM [Meetings]
      OUTPUT 1
      WHERE [Id] = @p0;
info: Microsoft.EntityFrameworkCore.Database.Command[20101]
      Executed DbCommand (0ms) [Parameters=[], CommandType='Text', CommandTimeout='30']
      SELECT [m].[Id], [m].[CreatedAt], [m].[CreatedById], [m].[Description], [m].[EndTime], [m].[MeetingDate], [m].[StartTime], [m].[Title], [u].[Id], [u].[AuthProvider], [u].[CreatedAt], [u].[Email], [u].[FullName], [u].[PasswordHash], [u].[Role], [u].[Username]
      FROM [Meetings] AS [m]
      INNER JOIN [Users] AS [u] ON [m].[CreatedById] = [u].[Id]
      ORDER BY [m].[MeetingDate], [m].[StartTime]
info: Microsoft.EntityFrameworkCore.Database.Command[20101]
      Executed DbCommand (0ms) [Parameters=[@__date_0='?' (DbType = DateTime2)], CommandType='Text', CommandTimeout='30']
      SELECT [m].[Id], [m].[CreatedAt], [m].[CreatedById], [m].[Description], [m].[EndTime], [m].[MeetingDate], [m].[StartTime], [m].[Title]
      FROM [Meetings] AS [m]
      WHERE [m].[MeetingDate] = @__date_0
info: Microsoft.EntityFrameworkCore.Database.Command[20101]
      Executed DbCommand (3ms) [Parameters=[@p0='?' (DbType = Guid), @p1='?' (DbType = DateTime2), @p2='?' (DbType = Guid), @p3='?' (Size = 1000), @p4='?' (Size = 10), @p5='?' (DbType = DateTime2), @p6='?' (Size = 10), @p7='?' (Size = 250)], CommandType='Text', CommandTimeout='30']
      SET IMPLICIT_TRANSACTIONS OFF;
      SET NOCOUNT ON;
      INSERT INTO [Meetings] ([Id], [CreatedAt], [CreatedById], [Description], [EndTime], [MeetingDate], [StartTime], [Title])
      VALUES (@p0, @p1, @p2, @p3, @p4, @p5, @p6, @p7);
info: Microsoft.EntityFrameworkCore.Database.Command[20101]
      Executed DbCommand (0ms) [Parameters=[@__get_Item_0='?' (DbType = Guid)], CommandType='Text', CommandTimeout='30']
      SELECT TOP(1) [u].[Id], [u].[AuthProvider], [u].[CreatedAt], [u].[Email], [u].[FullName], [u].[PasswordHash], [u].[Role], [u].[Username]
      FROM [Users] AS [u]
      WHERE [u].[Id] = @__get_Item_0
info: Microsoft.EntityFrameworkCore.Database.Command[20101]
      Executed DbCommand (0ms) [Parameters=[], CommandType='Text', CommandTimeout='30']
      SELECT [m].[Id], [m].[CreatedAt], [m].[CreatedById], [m].[Description], [m].[EndTime], [m].[MeetingDate], [m].[StartTime], [m].[Title], [u].[Id], [u].[AuthProvider], [u].[CreatedAt], [u].[Email], [u].[FullName], [u].[PasswordHash], [u].[Role], [u].[Username]
      FROM [Meetings] AS [m]
      INNER JOIN [Users] AS [u] ON [m].[CreatedById] = [u].[Id]
      ORDER BY [m].[MeetingDate], [m].[StartTime]
info: Microsoft.EntityFrameworkCore.Database.Command[20101]
      Executed DbCommand (0ms) [Parameters=[@__date_0='?' (DbType = DateTime2)], CommandType='Text', CommandTimeout='30']
      SELECT [m].[Id], [m].[CreatedAt], [m].[CreatedById], [m].[Description], [m].[EndTime], [m].[MeetingDate], [m].[StartTime], [m].[Title]
      FROM [Meetings] AS [m]
      WHERE [m].[MeetingDate] = @__date_0
info: Microsoft.EntityFrameworkCore.Database.Command[20101]
      Executed DbCommand (2ms) [Parameters=[@p0='?' (DbType = Guid), @p1='?' (DbType = DateTime2), @p2='?' (DbType = Guid), @p3='?' (Size = 1000), @p4='?' (Size = 10), @p5='?' (DbType = DateTime2), @p6='?' (Size = 10), @p7='?' (Size = 250)], CommandType='Text', CommandTimeout='30']
      SET IMPLICIT_TRANSACTIONS OFF;
      SET NOCOUNT ON;
      INSERT INTO [Meetings] ([Id], [CreatedAt], [CreatedById], [Description], [EndTime], [MeetingDate], [StartTime], [Title])
      VALUES (@p0, @p1, @p2, @p3, @p4, @p5, @p6, @p7);
info: Microsoft.EntityFrameworkCore.Database.Command[20101]
      Executed DbCommand (0ms) [Parameters=[@__get_Item_0='?' (DbType = Guid)], CommandType='Text', CommandTimeout='30']
      SELECT TOP(1) [u].[Id], [u].[AuthProvider], [u].[CreatedAt], [u].[Email], [u].[FullName], [u].[PasswordHash], [u].[Role], [u].[Username]
      FROM [Users] AS [u]
      WHERE [u].[Id] = @__get_Item_0
info: Microsoft.EntityFrameworkCore.Database.Command[20101]
      Executed DbCommand (0ms) [Parameters=[], CommandType='Text', CommandTimeout='30']
      SELECT [m].[Id], [m].[CreatedAt], [m].[CreatedById], [m].[Description], [m].[EndTime], [m].[MeetingDate], [m].[StartTime], [m].[Title], [u].[Id], [u].[AuthProvider], [u].[CreatedAt], [u].[Email], [u].[FullName], [u].[PasswordHash], [u].[Role], [u].[Username]
      FROM [Meetings] AS [m]
      INNER JOIN [Users] AS [u] ON [m].[CreatedById] = [u].[Id]
      ORDER BY [m].[MeetingDate], [m].[StartTime]
info: Microsoft.EntityFrameworkCore.Database.Command[20101]
      Executed DbCommand (0ms) [Parameters=[@__get_Item_0='?' (DbType = Guid)], CommandType='Text', CommandTimeout='30']
      SELECT TOP(1) [m].[Id], [m].[CreatedAt], [m].[CreatedById], [m].[Description], [m].[EndTime], [m].[MeetingDate], [m].[StartTime], [m].[Title]
      FROM [Meetings] AS [m]
      WHERE [m].[Id] = @__get_Item_0
info: Microsoft.EntityFrameworkCore.Database.Command[20101]
      Executed DbCommand (1ms) [Parameters=[@p0='?' (DbType = Guid)], CommandType='Text', CommandTimeout='30']
      SET IMPLICIT_TRANSACTIONS OFF;
      SET NOCOUNT ON;
      DELETE FROM [Meetings]
      OUTPUT 1
      WHERE [Id] = @p0;
info: Microsoft.EntityFrameworkCore.Database.Command[20101]
      Executed DbCommand (0ms) [Parameters=[], CommandType='Text', CommandTimeout='30']
      SELECT [m].[Id], [m].[CreatedAt], [m].[CreatedById], [m].[Description], [m].[EndTime], [m].[MeetingDate], [m].[StartTime], [m].[Title], [u].[Id], [u].[AuthProvider], [u].[CreatedAt], [u].[Email], [u].[FullName], [u].[PasswordHash], [u].[Role], [u].[Username]
      FROM [Meetings] AS [m]
      INNER JOIN [Users] AS [u] ON [m].[CreatedById] = [u].[Id]
      ORDER BY [m].[MeetingDate], [m].[StartTime]
info: Microsoft.EntityFrameworkCore.Database.Command[20101]
      Executed DbCommand (0ms) [Parameters=[@__get_Item_0='?' (DbType = Guid)], CommandType='Text', CommandTimeout='30']
      SELECT TOP(1) [m].[Id], [m].[CreatedAt], [m].[CreatedById], [m].[Description], [m].[EndTime], [m].[MeetingDate], [m].[StartTime], [m].[Title]
      FROM [Meetings] AS [m]
      WHERE [m].[Id] = @__get_Item_0
info: Microsoft.EntityFrameworkCore.Database.Command[20101]
      Executed DbCommand (1ms) [Parameters=[@p0='?' (DbType = Guid)], CommandType='Text', CommandTimeout='30']
      SET IMPLICIT_TRANSACTIONS OFF;
      SET NOCOUNT ON;
      DELETE FROM [Meetings]
      OUTPUT 1
      WHERE [Id] = @p0;
info: Microsoft.EntityFrameworkCore.Database.Command[20101]
      Executed DbCommand (0ms) [Parameters=[], CommandType='Text', CommandTimeout='30']
      SELECT [m].[Id], [m].[CreatedAt], [m].[CreatedById], [m].[Description], [m].[EndTime], [m].[MeetingDate], [m].[StartTime], [m].[Title], [u].[Id], [u].[AuthProvider], [u].[CreatedAt], [u].[Email], [u].[FullName], [u].[PasswordHash], [u].[Role], [u].[Username]
      FROM [Meetings] AS [m]
      INNER JOIN [Users] AS [u] ON [m].[CreatedById] = [u].[Id]
      ORDER BY [m].[MeetingDate], [m].[StartTime]
info: Microsoft.EntityFrameworkCore.Database.Command[20101]
      Executed DbCommand (0ms) [Parameters=[], CommandType='Text', CommandTimeout='30']
      SELECT [t].[Id], [t].[CheckIn], [t].[CheckOut], [t].[EmployeeName], [t].[Note], [t].[WorkDate], [t].[WorkHours]
      FROM [TimesheetEntries] AS [t]
      ORDER BY [t].[WorkDate], [t].[EmployeeName]
info: Microsoft.EntityFrameworkCore.Database.Command[20101]
      Executed DbCommand (3ms) [Parameters=[], CommandType='Text', CommandTimeout='30']
      SELECT [l].[Id], [l].[Header], [l].[IsNumeric], [l].[Position]
      FROM [LeaveColumns] AS [l]
      ORDER BY [l].[Position]
info: Microsoft.EntityFrameworkCore.Database.Command[20101]
      Executed DbCommand (0ms) [Parameters=[], CommandType='Text', CommandTimeout='30']
      SELECT [l].[Id], [l].[CellsJson], [l].[Position]
      FROM [LeaveRows] AS [l]
      ORDER BY [l].[Position]
info: Microsoft.EntityFrameworkCore.Database.Command[20101]
      Executed DbCommand (0ms) [Parameters=[], CommandType='Text', CommandTimeout='30']
      SELECT [b].[Id], [b].[AuthorId], [b].[Content], [b].[CreatedAt], [b].[ImageUrl], [b].[Title], [u].[Id], [u].[AuthProvider], [u].[CreatedAt], [u].[Email], [u].[FullName], [u].[PasswordHash], [u].[Role], [u].[Username]
      FROM [BlogPosts] AS [b]
      INNER JOIN [Users] AS [u] ON [b].[AuthorId] = [u].[Id]
      ORDER BY [b].[CreatedAt] DESC
info: Microsoft.EntityFrameworkCore.Database.Command[20101]
      Executed DbCommand (1ms) [Parameters=[], CommandType='Text', CommandTimeout='30']
      SELECT [m].[Id], [m].[CreatedAt], [m].[CreatedById], [m].[Description], [m].[EndTime], [m].[MeetingDate], [m].[StartTime], [m].[Title], [u].[Id], [u].[AuthProvider], [u].[CreatedAt], [u].[Email], [u].[FullName], [u].[PasswordHash], [u].[Role], [u].[Username]
      FROM [Meetings] AS [m]
      INNER JOIN [Users] AS [u] ON [m].[CreatedById] = [u].[Id]
      ORDER BY [m].[MeetingDate], [m].[StartTime]
info: Microsoft.EntityFrameworkCore.Database.Command[20101]
      Executed DbCommand (0ms) [Parameters=[], CommandType='Text', CommandTimeout='30']
      SELECT [l].[Id], [l].[Header], [l].[IsNumeric], [l].[Position]
      FROM [LeaveColumns] AS [l]
      ORDER BY [l].[Position]
info: Microsoft.EntityFrameworkCore.Database.Command[20101]
      Executed DbCommand (0ms) [Parameters=[], CommandType='Text', CommandTimeout='30']
      SELECT [l].[Id], [l].[CellsJson], [l].[Position]
      FROM [LeaveRows] AS [l]
      ORDER BY [l].[Position]
info: Microsoft.EntityFrameworkCore.Database.Command[20101]
      Executed DbCommand (0ms) [Parameters=[], CommandType='Text', CommandTimeout='30']
      SELECT [t].[Id], [t].[CheckIn], [t].[CheckOut], [t].[EmployeeName], [t].[Note], [t].[WorkDate], [t].[WorkHours]
      FROM [TimesheetEntries] AS [t]
      ORDER BY [t].[WorkDate], [t].[EmployeeName]
info: Microsoft.EntityFrameworkCore.Database.Command[20101]
      Executed DbCommand (0ms) [Parameters=[@__request_Username_0='?' (Size = 100)], CommandType='Text', CommandTimeout='30']
      SELECT TOP(1) [u].[Id], [u].[AuthProvider], [u].[CreatedAt], [u].[Email], [u].[FullName], [u].[PasswordHash], [u].[Role], [u].[Username]
      FROM [Users] AS [u]
      WHERE [u].[Username] = @__request_Username_0
info: Microsoft.EntityFrameworkCore.Database.Command[20101]
      Executed DbCommand (1ms) [Parameters=[], CommandType='Text', CommandTimeout='30']
      SELECT [b].[Id], [b].[AuthorId], [b].[Content], [b].[CreatedAt], [b].[ImageUrl], [b].[Title], [u].[Id], [u].[AuthProvider], [u].[CreatedAt], [u].[Email], [u].[FullName], [u].[PasswordHash], [u].[Role], [u].[Username]
      FROM [BlogPosts] AS [b]
      INNER JOIN [Users] AS [u] ON [b].[AuthorId] = [u].[Id]
      ORDER BY [b].[CreatedAt] DESC
info: Microsoft.EntityFrameworkCore.Database.Command[20101]
      Executed DbCommand (0ms) [Parameters=[], CommandType='Text', CommandTimeout='30']
      SELECT [l].[Id], [l].[Header], [l].[IsNumeric], [l].[Position]
      FROM [LeaveColumns] AS [l]
      ORDER BY [l].[Position]
info: Microsoft.EntityFrameworkCore.Database.Command[20101]
      Executed DbCommand (0ms) [Parameters=[], CommandType='Text', CommandTimeout='30']
      SELECT [l].[Id], [l].[CellsJson], [l].[Position]
      FROM [LeaveRows] AS [l]
      ORDER BY [l].[Position]
info: Microsoft.EntityFrameworkCore.Database.Command[20101]
      Executed DbCommand (1ms) [Parameters=[], CommandType='Text', CommandTimeout='30']
      SELECT [l].[Id], [l].[CellsJson], [l].[Position]
      FROM [LeaveRows] AS [l]
info: Microsoft.EntityFrameworkCore.Database.Command[20101]
      Executed DbCommand (1ms) [Parameters=[], CommandType='Text', CommandTimeout='30']
      SELECT [l].[Id], [l].[Header], [l].[IsNumeric], [l].[Position]
      FROM [LeaveColumns] AS [l]
info: Microsoft.EntityFrameworkCore.Database.Command[20101]
      Executed DbCommand (7ms) [Parameters=[@p0='?' (DbType = Guid), @p1='?' (Size = 200), @p2='?' (DbType = Boolean), @p3='?' (DbType = Int32), @p4='?' (DbType = Guid), @p5='?' (Size = 200), @p6='?' (DbType = Boolean), @p7='?' (DbType = Int32), @p8='?' (DbType = Guid), @p9='?' (Size = 200), @p10='?' (DbType = Boolean), @p11='?' (DbType = Int32), @p12='?' (DbType = Guid), @p13='?' (Size = 200), @p14='?' (DbType = Boolean), @p15='?' (DbType = Int32), @p16='?' (DbType = Guid), @p17='?' (Size = 200), @p18='?' (DbType = Boolean), @p19='?' (DbType = Int32), @p20='?' (DbType = Guid), @p21='?' (Size = 200), @p22='?' (DbType = Boolean), @p23='?' (DbType = Int32), @p24='?' (DbType = Guid), @p25='?' (Size = 200), @p26='?' (DbType = Boolean), @p27='?' (DbType = Int32), @p28='?' (DbType = Guid), @p29='?' (Size = 200), @p30='?' (DbType = Boolean), @p31='?' (DbType = Int32), @p32='?' (DbType = Guid), @p33='?' (Size = 200), @p34='?' (DbType = Boolean), @p35='?' (DbType = Int32), @p36='?' (DbType = Guid), @p37='?' (Size = 4000), @p38='?' (DbType = Int32), @p39='?' (DbType = Guid), @p40='?' (Size = 4000), @p41='?' (DbType = Int32), @p42='?' (DbType = Guid), @p43='?' (Size = 4000), @p44='?' (DbType = Int32), @p45='?' (DbType = Guid), @p46='?' (Size = 4000), @p47='?' (DbType = Int32), @p48='?' (DbType = Guid), @p49='?' (Size = 4000), @p50='?' (DbType = Int32), @p51='?' (DbType = Guid), @p52='?' (Size = 4000), @p53='?' (DbType = Int32), @p54='?' (DbType = Guid), @p55='?' (Size = 4000), @p56='?' (DbType = Int32), @p57='?' (DbType = Guid), @p58='?' (Size = 4000), @p59='?' (DbType = Int32), @p60='?' (DbType = Guid), @p61='?' (Size = 4000), @p62='?' (DbType = Int32), @p63='?' (DbType = Guid), @p64='?' (Size = 4000), @p65='?' (DbType = Int32), @p66='?' (DbType = Guid), @p67='?' (Size = 4000), @p68='?' (DbType = Int32), @p69='?' (DbType = Guid), @p70='?' (Size = 4000), @p71='?' (DbType = Int32)], CommandType='Text', CommandTimeout='30']
      SET NOCOUNT ON;
      INSERT INTO [LeaveColumns] ([Id], [Header], [IsNumeric], [Position])
      VALUES (@p0, @p1, @p2, @p3),
      (@p4, @p5, @p6, @p7),
      (@p8, @p9, @p10, @p11),
      (@p12, @p13, @p14, @p15),
      (@p16, @p17, @p18, @p19),
      (@p20, @p21, @p22, @p23),
      (@p24, @p25, @p26, @p27),
      (@p28, @p29, @p30, @p31),
      (@p32, @p33, @p34, @p35);
      INSERT INTO [LeaveRows] ([Id], [CellsJson], [Position])
      VALUES (@p36, @p37, @p38),
      (@p39, @p40, @p41),
      (@p42, @p43, @p44),
      (@p45, @p46, @p47),
      (@p48, @p49, @p50),
      (@p51, @p52, @p53),
      (@p54, @p55, @p56),
      (@p57, @p58, @p59),
      (@p60, @p61, @p62),
      (@p63, @p64, @p65),
      (@p66, @p67, @p68),
      (@p69, @p70, @p71);
info: Microsoft.EntityFrameworkCore.Database.Command[20101]
      Executed DbCommand (1ms) [Parameters=[], CommandType='Text', CommandTimeout='30']
      SELECT [l].[Id], [l].[Header], [l].[IsNumeric], [l].[Position]
      FROM [LeaveColumns] AS [l]
      ORDER BY [l].[Position]
info: Microsoft.EntityFrameworkCore.Database.Command[20101]
      Executed DbCommand (1ms) [Parameters=[], CommandType='Text', CommandTimeout='30']
      SELECT [l].[Id], [l].[CellsJson], [l].[Position]
      FROM [LeaveRows] AS [l]
      ORDER BY [l].[Position]
info: Microsoft.EntityFrameworkCore.Database.Command[20101]
      Executed DbCommand (0ms) [Parameters=[], CommandType='Text', CommandTimeout='30']
      SELECT [t].[Id], [t].[CheckIn], [t].[CheckOut], [t].[EmployeeName], [t].[Note], [t].[WorkDate], [t].[WorkHours]
      FROM [TimesheetEntries] AS [t]
      ORDER BY [t].[WorkDate], [t].[EmployeeName]
info: Microsoft.EntityFrameworkCore.Database.Command[20101]
      Executed DbCommand (0ms) [Parameters=[], CommandType='Text', CommandTimeout='30']
      SELECT [m].[Id], [m].[CreatedAt], [m].[CreatedById], [m].[Description], [m].[EndTime], [m].[MeetingDate], [m].[StartTime], [m].[Title], [u].[Id], [u].[AuthProvider], [u].[CreatedAt], [u].[Email], [u].[FullName], [u].[PasswordHash], [u].[Role], [u].[Username]
      FROM [Meetings] AS [m]
      INNER JOIN [Users] AS [u] ON [m].[CreatedById] = [u].[Id]
      ORDER BY [m].[MeetingDate], [m].[StartTime]
info: Microsoft.EntityFrameworkCore.Database.Command[20101]
      Executed DbCommand (0ms) [Parameters=[], CommandType='Text', CommandTimeout='30']
      SELECT [b].[Id], [b].[AuthorId], [b].[Content], [b].[CreatedAt], [b].[ImageUrl], [b].[Title], [u].[Id], [u].[AuthProvider], [u].[CreatedAt], [u].[Email], [u].[FullName], [u].[PasswordHash], [u].[Role], [u].[Username]
      FROM [BlogPosts] AS [b]
      INNER JOIN [Users] AS [u] ON [b].[AuthorId] = [u].[Id]
      ORDER BY [b].[CreatedAt] DESC
info: Microsoft.EntityFrameworkCore.Database.Command[20101]
      Executed DbCommand (0ms) [Parameters=[], CommandType='Text', CommandTimeout='30']
      SELECT [t].[Id], [t].[CheckIn], [t].[CheckOut], [t].[EmployeeName], [t].[Note], [t].[WorkDate], [t].[WorkHours]
      FROM [TimesheetEntries] AS [t]
      ORDER BY [t].[WorkDate], [t].[EmployeeName]
info: Microsoft.EntityFrameworkCore.Database.Command[20101]
      Executed DbCommand (0ms) [Parameters=[], CommandType='Text', CommandTimeout='30']
      SELECT [l].[Id], [l].[Header], [l].[IsNumeric], [l].[Position]
      FROM [LeaveColumns] AS [l]
      ORDER BY [l].[Position]
info: Microsoft.EntityFrameworkCore.Database.Command[20101]
      Executed DbCommand (3ms) [Parameters=[], CommandType='Text', CommandTimeout='30']
      SELECT [l].[Id], [l].[CellsJson], [l].[Position]
      FROM [LeaveRows] AS [l]
      ORDER BY [l].[Position]
info: Microsoft.EntityFrameworkCore.Database.Command[20101]
      Executed DbCommand (0ms) [Parameters=[], CommandType='Text', CommandTimeout='30']
      SELECT [b].[Id], [b].[AuthorId], [b].[Content], [b].[CreatedAt], [b].[ImageUrl], [b].[Title], [u].[Id], [u].[AuthProvider], [u].[CreatedAt], [u].[Email], [u].[FullName], [u].[PasswordHash], [u].[Role], [u].[Username]
      FROM [BlogPosts] AS [b]
      INNER JOIN [Users] AS [u] ON [b].[AuthorId] = [u].[Id]
      ORDER BY [b].[CreatedAt] DESC
info: Microsoft.EntityFrameworkCore.Database.Command[20101]
      Executed DbCommand (0ms) [Parameters=[], CommandType='Text', CommandTimeout='30']
      SELECT [t].[Id], [t].[CheckIn], [t].[CheckOut], [t].[EmployeeName], [t].[Note], [t].[WorkDate], [t].[WorkHours]
      FROM [TimesheetEntries] AS [t]
      ORDER BY [t].[WorkDate], [t].[EmployeeName]
info: Microsoft.EntityFrameworkCore.Database.Command[20101]
      Executed DbCommand (0ms) [Parameters=[], CommandType='Text', CommandTimeout='30']
      SELECT [l].[Id], [l].[Header], [l].[IsNumeric], [l].[Position]
      FROM [LeaveColumns] AS [l]
      ORDER BY [l].[Position]
info: Microsoft.EntityFrameworkCore.Database.Command[20101]
      Executed DbCommand (0ms) [Parameters=[], CommandType='Text', CommandTimeout='30']
      SELECT [l].[Id], [l].[CellsJson], [l].[Position]
      FROM [LeaveRows] AS [l]
      ORDER BY [l].[Position]
info: Microsoft.EntityFrameworkCore.Database.Command[20101]
      Executed DbCommand (0ms) [Parameters=[], CommandType='Text', CommandTimeout='30']
      SELECT [t].[Id], [t].[CheckIn], [t].[CheckOut], [t].[EmployeeName], [t].[Note], [t].[WorkDate], [t].[WorkHours]
      FROM [TimesheetEntries] AS [t]
      ORDER BY [t].[WorkDate], [t].[EmployeeName]
info: Microsoft.EntityFrameworkCore.Database.Command[20101]
      Executed DbCommand (1ms) [Parameters=[], CommandType='Text', CommandTimeout='30']
      SELECT [l].[Id], [l].[Header], [l].[IsNumeric], [l].[Position]
      FROM [LeaveColumns] AS [l]
      ORDER BY [l].[Position]
info: Microsoft.EntityFrameworkCore.Database.Command[20101]
      Executed DbCommand (0ms) [Parameters=[], CommandType='Text', CommandTimeout='30']
      SELECT [l].[Id], [l].[CellsJson], [l].[Position]
      FROM [LeaveRows] AS [l]
      ORDER BY [l].[Position]
info: Microsoft.EntityFrameworkCore.Database.Command[20101]
      Executed DbCommand (0ms) [Parameters=[], CommandType='Text', CommandTimeout='30']
      SELECT [t].[Id], [t].[CheckIn], [t].[CheckOut], [t].[EmployeeName], [t].[Note], [t].[WorkDate], [t].[WorkHours]
      FROM [TimesheetEntries] AS [t]
      ORDER BY [t].[WorkDate], [t].[EmployeeName]
info: Microsoft.EntityFrameworkCore.Database.Command[20101]
      Executed DbCommand (0ms) [Parameters=[], CommandType='Text', CommandTimeout='30']
      SELECT [l].[Id], [l].[Header], [l].[IsNumeric], [l].[Position]
      FROM [LeaveColumns] AS [l]
      ORDER BY [l].[Position]
info: Microsoft.EntityFrameworkCore.Database.Command[20101]
      Executed DbCommand (0ms) [Parameters=[], CommandType='Text', CommandTimeout='30']
      SELECT [l].[Id], [l].[CellsJson], [l].[Position]
      FROM [LeaveRows] AS [l]
      ORDER BY [l].[Position]
info: Microsoft.EntityFrameworkCore.Database.Command[20101]
      Executed DbCommand (0ms) [Parameters=[], CommandType='Text', CommandTimeout='30']
      SELECT [m].[Id], [m].[CreatedAt], [m].[CreatedById], [m].[Description], [m].[EndTime], [m].[MeetingDate], [m].[StartTime], [m].[Title], [u].[Id], [u].[AuthProvider], [u].[CreatedAt], [u].[Email], [u].[FullName], [u].[PasswordHash], [u].[Role], [u].[Username]
      FROM [Meetings] AS [m]
      INNER JOIN [Users] AS [u] ON [m].[CreatedById] = [u].[Id]
      ORDER BY [m].[MeetingDate], [m].[StartTime]
info: Microsoft.EntityFrameworkCore.Database.Command[20101]
      Executed DbCommand (0ms) [Parameters=[], CommandType='Text', CommandTimeout='30']
      SELECT [t].[Id], [t].[CheckIn], [t].[CheckOut], [t].[EmployeeName], [t].[Note], [t].[WorkDate], [t].[WorkHours]
      FROM [TimesheetEntries] AS [t]
      ORDER BY [t].[WorkDate], [t].[EmployeeName]
info: Microsoft.EntityFrameworkCore.Database.Command[20101]
      Executed DbCommand (0ms) [Parameters=[], CommandType='Text', CommandTimeout='30']
      SELECT [t].[Id], [t].[CheckIn], [t].[CheckOut], [t].[EmployeeName], [t].[Note], [t].[WorkDate], [t].[WorkHours]
      FROM [TimesheetEntries] AS [t]
      ORDER BY [t].[WorkDate], [t].[EmployeeName]
info: Microsoft.EntityFrameworkCore.Database.Command[20101]
      Executed DbCommand (0ms) [Parameters=[], CommandType='Text', CommandTimeout='30']
      SELECT [l].[Id], [l].[Header], [l].[IsNumeric], [l].[Position]
      FROM [LeaveColumns] AS [l]
      ORDER BY [l].[Position]
info: Microsoft.EntityFrameworkCore.Database.Command[20101]
      Executed DbCommand (0ms) [Parameters=[], CommandType='Text', CommandTimeout='30']
      SELECT [l].[Id], [l].[CellsJson], [l].[Position]
      FROM [LeaveRows] AS [l]
      ORDER BY [l].[Position]
info: Microsoft.EntityFrameworkCore.Database.Command[20101]
      Executed DbCommand (0ms) [Parameters=[], CommandType='Text', CommandTimeout='30']
      SELECT [m].[Id], [m].[CreatedAt], [m].[CreatedById], [m].[Description], [m].[EndTime], [m].[MeetingDate], [m].[StartTime], [m].[Title], [u].[Id], [u].[AuthProvider], [u].[CreatedAt], [u].[Email], [u].[FullName], [u].[PasswordHash], [u].[Role], [u].[Username]
      FROM [Meetings] AS [m]
      INNER JOIN [Users] AS [u] ON [m].[CreatedById] = [u].[Id]
      ORDER BY [m].[MeetingDate], [m].[StartTime]
info: Microsoft.EntityFrameworkCore.Database.Command[20101]
      Executed DbCommand (1ms) [Parameters=[], CommandType='Text', CommandTimeout='30']
      SELECT [u].[Id], [u].[Username], [u].[FullName], [u].[Role], [u].[CreatedAt]
      FROM [Users] AS [u]
      ORDER BY [u].[Id]
info: Microsoft.EntityFrameworkCore.Database.Command[20101]
      Executed DbCommand (0ms) [Parameters=[], CommandType='Text', CommandTimeout='30']
      SELECT [t].[Id], [t].[CheckIn], [t].[CheckOut], [t].[EmployeeName], [t].[Note], [t].[WorkDate], [t].[WorkHours]
      FROM [TimesheetEntries] AS [t]
      ORDER BY [t].[WorkDate], [t].[EmployeeName]
info: Microsoft.EntityFrameworkCore.Database.Command[20101]
      Executed DbCommand (0ms) [Parameters=[], CommandType='Text', CommandTimeout='30']
      SELECT [l].[Id], [l].[Header], [l].[IsNumeric], [l].[Position]
      FROM [LeaveColumns] AS [l]
      ORDER BY [l].[Position]
info: Microsoft.EntityFrameworkCore.Database.Command[20101]
      Executed DbCommand (0ms) [Parameters=[], CommandType='Text', CommandTimeout='30']
      SELECT [l].[Id], [l].[CellsJson], [l].[Position]
      FROM [LeaveRows] AS [l]
      ORDER BY [l].[Position]
info: Microsoft.EntityFrameworkCore.Database.Command[20101]
      Executed DbCommand (0ms) [Parameters=[], CommandType='Text', CommandTimeout='30']
      SELECT [m].[Id], [m].[CreatedAt], [m].[CreatedById], [m].[Description], [m].[EndTime], [m].[MeetingDate], [m].[StartTime], [m].[Title], [u].[Id], [u].[AuthProvider], [u].[CreatedAt], [u].[Email], [u].[FullName], [u].[PasswordHash], [u].[Role], [u].[Username]
      FROM [Meetings] AS [m]
      INNER JOIN [Users] AS [u] ON [m].[CreatedById] = [u].[Id]
      ORDER BY [m].[MeetingDate], [m].[StartTime]
info: Microsoft.EntityFrameworkCore.Database.Command[20101]
      Executed DbCommand (0ms) [Parameters=[], CommandType='Text', CommandTimeout='30']
      SELECT [b].[Id], [b].[AuthorId], [b].[Content], [b].[CreatedAt], [b].[ImageUrl], [b].[Title], [u].[Id], [u].[AuthProvider], [u].[CreatedAt], [u].[Email], [u].[FullName], [u].[PasswordHash], [u].[Role], [u].[Username]
      FROM [BlogPosts] AS [b]
      INNER JOIN [Users] AS [u] ON [b].[AuthorId] = [u].[Id]
      ORDER BY [b].[CreatedAt] DESC
info: Microsoft.EntityFrameworkCore.Database.Command[20101]
      Executed DbCommand (0ms) [Parameters=[], CommandType='Text', CommandTimeout='30']
      SELECT [u].[Id], [u].[Username], [u].[FullName], [u].[Role], [u].[CreatedAt]
      FROM [Users] AS [u]
      ORDER BY [u].[Id]
info: Microsoft.EntityFrameworkCore.Database.Command[20101]
      Executed DbCommand (0ms) [Parameters=[@__request_Username_0='?' (Size = 100)], CommandType='Text', CommandTimeout='30']
      SELECT TOP(1) [u].[Id], [u].[AuthProvider], [u].[CreatedAt], [u].[Email], [u].[FullName], [u].[PasswordHash], [u].[Role], [u].[Username]
      FROM [Users] AS [u]
      WHERE [u].[Username] = @__request_Username_0
info: Microsoft.EntityFrameworkCore.Database.Command[20101]
      Executed DbCommand (0ms) [Parameters=[], CommandType='Text', CommandTimeout='30']
      SELECT [b].[Id], [b].[AuthorId], [b].[Content], [b].[CreatedAt], [b].[ImageUrl], [b].[Title], [u].[Id], [u].[AuthProvider], [u].[CreatedAt], [u].[Email], [u].[FullName], [u].[PasswordHash], [u].[Role], [u].[Username]
      FROM [BlogPosts] AS [b]
      INNER JOIN [Users] AS [u] ON [b].[AuthorId] = [u].[Id]
      ORDER BY [b].[CreatedAt] DESC
info: Microsoft.EntityFrameworkCore.Database.Command[20101]
      Executed DbCommand (0ms) [Parameters=[], CommandType='Text', CommandTimeout='30']
      SELECT [m].[Id], [m].[CreatedAt], [m].[CreatedById], [m].[Description], [m].[EndTime], [m].[MeetingDate], [m].[StartTime], [m].[Title], [u].[Id], [u].[AuthProvider], [u].[CreatedAt], [u].[Email], [u].[FullName], [u].[PasswordHash], [u].[Role], [u].[Username]
      FROM [Meetings] AS [m]
      INNER JOIN [Users] AS [u] ON [m].[CreatedById] = [u].[Id]
      ORDER BY [m].[MeetingDate], [m].[StartTime]
info: Microsoft.EntityFrameworkCore.Database.Command[20101]
      Executed DbCommand (0ms) [Parameters=[], CommandType='Text', CommandTimeout='30']
      SELECT [l].[Id], [l].[Header], [l].[IsNumeric], [l].[Position]
      FROM [LeaveColumns] AS [l]
      ORDER BY [l].[Position]
info: Microsoft.EntityFrameworkCore.Database.Command[20101]
      Executed DbCommand (0ms) [Parameters=[], CommandType='Text', CommandTimeout='30']
      SELECT [l].[Id], [l].[CellsJson], [l].[Position]
      FROM [LeaveRows] AS [l]
      ORDER BY [l].[Position]
info: Microsoft.EntityFrameworkCore.Database.Command[20101]
      Executed DbCommand (0ms) [Parameters=[], CommandType='Text', CommandTimeout='30']
      SELECT [t].[Id], [t].[CheckIn], [t].[CheckOut], [t].[EmployeeName], [t].[Note], [t].[WorkDate], [t].[WorkHours]
      FROM [TimesheetEntries] AS [t]
      ORDER BY [t].[WorkDate], [t].[EmployeeName]
info: Microsoft.EntityFrameworkCore.Database.Command[20101]
      Executed DbCommand (0ms) [Parameters=[@__request_Username_0='?' (Size = 100)], CommandType='Text', CommandTimeout='30']
      SELECT TOP(1) [u].[Id], [u].[AuthProvider], [u].[CreatedAt], [u].[Email], [u].[FullName], [u].[PasswordHash], [u].[Role], [u].[Username]
      FROM [Users] AS [u]
      WHERE [u].[Username] = @__request_Username_0
info: Microsoft.EntityFrameworkCore.Database.Command[20101]
      Executed DbCommand (0ms) [Parameters=[], CommandType='Text', CommandTimeout='30']
      SELECT [m].[Id], [m].[CreatedAt], [m].[CreatedById], [m].[Description], [m].[EndTime], [m].[MeetingDate], [m].[StartTime], [m].[Title], [u].[Id], [u].[AuthProvider], [u].[CreatedAt], [u].[Email], [u].[FullName], [u].[PasswordHash], [u].[Role], [u].[Username]
      FROM [Meetings] AS [m]
      INNER JOIN [Users] AS [u] ON [m].[CreatedById] = [u].[Id]
      ORDER BY [m].[MeetingDate], [m].[StartTime]
info: Microsoft.EntityFrameworkCore.Database.Command[20101]
      Executed DbCommand (0ms) [Parameters=[], CommandType='Text', CommandTimeout='30']
      SELECT [u].[Id], [u].[Username], [u].[FullName], [u].[Role], [u].[CreatedAt]
      FROM [Users] AS [u]
      ORDER BY [u].[Id]
info: Microsoft.EntityFrameworkCore.Database.Command[20101]
      Executed DbCommand (0ms) [Parameters=[], CommandType='Text', CommandTimeout='30']
      SELECT [l].[Id], [l].[Header], [l].[IsNumeric], [l].[Position]
      FROM [LeaveColumns] AS [l]
      ORDER BY [l].[Position]
info: Microsoft.EntityFrameworkCore.Database.Command[20101]
      Executed DbCommand (0ms) [Parameters=[], CommandType='Text', CommandTimeout='30']
      SELECT [l].[Id], [l].[CellsJson], [l].[Position]
      FROM [LeaveRows] AS [l]
      ORDER BY [l].[Position]
info: Microsoft.EntityFrameworkCore.Database.Command[20101]
      Executed DbCommand (0ms) [Parameters=[], CommandType='Text', CommandTimeout='30']
      SELECT [t].[Id], [t].[CheckIn], [t].[CheckOut], [t].[EmployeeName], [t].[Note], [t].[WorkDate], [t].[WorkHours]
      FROM [TimesheetEntries] AS [t]
      ORDER BY [t].[WorkDate], [t].[EmployeeName]
info: Microsoft.EntityFrameworkCore.Database.Command[20101]
      Executed DbCommand (0ms) [Parameters=[], CommandType='Text', CommandTimeout='30']
      SELECT [b].[Id], [b].[AuthorId], [b].[Content], [b].[CreatedAt], [b].[ImageUrl], [b].[Title], [u].[Id], [u].[AuthProvider], [u].[CreatedAt], [u].[Email], [u].[FullName], [u].[PasswordHash], [u].[Role], [u].[Username]
      FROM [BlogPosts] AS [b]
      INNER JOIN [Users] AS [u] ON [b].[AuthorId] = [u].[Id]
      ORDER BY [b].[CreatedAt] DESC
info: Microsoft.EntityFrameworkCore.Database.Command[20101]
      Executed DbCommand (1ms) [Parameters=[], CommandType='Text', CommandTimeout='30']
      SELECT [t].[Id], [t].[CheckIn], [t].[CheckOut], [t].[EmployeeName], [t].[Note], [t].[WorkDate], [t].[WorkHours]
      FROM [TimesheetEntries] AS [t]
      ORDER BY [t].[WorkDate], [t].[EmployeeName]
info: Microsoft.EntityFrameworkCore.Database.Command[20101]
      Executed DbCommand (1ms) [Parameters=[], CommandType='Text', CommandTimeout='30']
      SELECT [l].[Id], [l].[Header], [l].[IsNumeric], [l].[Position]
      FROM [LeaveColumns] AS [l]
      ORDER BY [l].[Position]
info: Microsoft.EntityFrameworkCore.Database.Command[20101]
      Executed DbCommand (1ms) [Parameters=[], CommandType='Text', CommandTimeout='30']
      SELECT [l].[Id], [l].[CellsJson], [l].[Position]
      FROM [LeaveRows] AS [l]
      ORDER BY [l].[Position]
info: Microsoft.EntityFrameworkCore.Database.Command[20101]
      Executed DbCommand (2ms) [Parameters=[], CommandType='Text', CommandTimeout='30']
      SELECT [b].[Id], [b].[AuthorId], [b].[Content], [b].[CreatedAt], [b].[ImageUrl], [b].[Title], [u].[Id], [u].[AuthProvider], [u].[CreatedAt], [u].[Email], [u].[FullName], [u].[PasswordHash], [u].[Role], [u].[Username]
      FROM [BlogPosts] AS [b]
      INNER JOIN [Users] AS [u] ON [b].[AuthorId] = [u].[Id]
      ORDER BY [b].[CreatedAt] DESC
info: Microsoft.EntityFrameworkCore.Database.Command[20101]
      Executed DbCommand (2ms) [Parameters=[], CommandType='Text', CommandTimeout='30']
      SELECT [m].[Id], [m].[CreatedAt], [m].[CreatedById], [m].[Description], [m].[EndTime], [m].[MeetingDate], [m].[StartTime], [m].[Title], [u].[Id], [u].[AuthProvider], [u].[CreatedAt], [u].[Email], [u].[FullName], [u].[PasswordHash], [u].[Role], [u].[Username]
      FROM [Meetings] AS [m]
      INNER JOIN [Users] AS [u] ON [m].[CreatedById] = [u].[Id]
      ORDER BY [m].[MeetingDate], [m].[StartTime]
info: Microsoft.EntityFrameworkCore.Database.Command[20101]
      Executed DbCommand (1ms) [Parameters=[], CommandType='Text', CommandTimeout='30']
      SELECT [u].[Id], [u].[Username], [u].[FullName], [u].[Role], [u].[CreatedAt]
      FROM [Users] AS [u]
      ORDER BY [u].[Id]
info: Microsoft.EntityFrameworkCore.Database.Command[20101]
      Executed DbCommand (2ms) [Parameters=[], CommandType='Text', CommandTimeout='30']
      SELECT [t].[Id], [t].[CheckIn], [t].[CheckOut], [t].[EmployeeName], [t].[Note], [t].[WorkDate], [t].[WorkHours]
      FROM [TimesheetEntries] AS [t]
      ORDER BY [t].[WorkDate], [t].[EmployeeName]
info: Microsoft.EntityFrameworkCore.Database.Command[20101]
      Executed DbCommand (2ms) [Parameters=[], CommandType='Text', CommandTimeout='30']
      SELECT [b].[Id], [b].[AuthorId], [b].[Content], [b].[CreatedAt], [b].[ImageUrl], [b].[Title], [u].[Id], [u].[AuthProvider], [u].[CreatedAt], [u].[Email], [u].[FullName], [u].[PasswordHash], [u].[Role], [u].[Username]
      FROM [BlogPosts] AS [b]
      INNER JOIN [Users] AS [u] ON [b].[AuthorId] = [u].[Id]
      ORDER BY [b].[CreatedAt] DESC
info: Microsoft.EntityFrameworkCore.Database.Command[20101]
      Executed DbCommand (2ms) [Parameters=[], CommandType='Text', CommandTimeout='30']
      SELECT [m].[Id], [m].[CreatedAt], [m].[CreatedById], [m].[Description], [m].[EndTime], [m].[MeetingDate], [m].[StartTime], [m].[Title], [u].[Id], [u].[AuthProvider], [u].[CreatedAt], [u].[Email], [u].[FullName], [u].[PasswordHash], [u].[Role], [u].[Username]
      FROM [Meetings] AS [m]
      INNER JOIN [Users] AS [u] ON [m].[CreatedById] = [u].[Id]
      ORDER BY [m].[MeetingDate], [m].[StartTime]
info: Microsoft.EntityFrameworkCore.Database.Command[20101]
      Executed DbCommand (3ms) [Parameters=[], CommandType='Text', CommandTimeout='30']
      SELECT [l].[Id], [l].[Header], [l].[IsNumeric], [l].[Position]
      FROM [LeaveColumns] AS [l]
      ORDER BY [l].[Position]
info: Microsoft.EntityFrameworkCore.Database.Command[20101]
      Executed DbCommand (1ms) [Parameters=[], CommandType='Text', CommandTimeout='30']
      SELECT [l].[Id], [l].[CellsJson], [l].[Position]
      FROM [LeaveRows] AS [l]
      ORDER BY [l].[Position]
info: Microsoft.EntityFrameworkCore.Database.Command[20101]
      Executed DbCommand (3ms) [Parameters=[], CommandType='Text', CommandTimeout='30']
      SELECT [u].[Id], [u].[Username], [u].[FullName], [u].[Role], [u].[CreatedAt]
      FROM [Users] AS [u]
      ORDER BY [u].[Id]
info: Microsoft.EntityFrameworkCore.Database.Command[20101]
      Executed DbCommand (3ms) [Parameters=[], CommandType='Text', CommandTimeout='30']
      SELECT [m].[Id], [m].[CreatedAt], [m].[CreatedById], [m].[Description], [m].[EndTime], [m].[MeetingDate], [m].[StartTime], [m].[Title], [u].[Id], [u].[AuthProvider], [u].[CreatedAt], [u].[Email], [u].[FullName], [u].[PasswordHash], [u].[Role], [u].[Username]
      FROM [Meetings] AS [m]
      INNER JOIN [Users] AS [u] ON [m].[CreatedById] = [u].[Id]
      ORDER BY [m].[MeetingDate], [m].[StartTime]
info: Microsoft.EntityFrameworkCore.Database.Command[20101]
      Executed DbCommand (3ms) [Parameters=[], CommandType='Text', CommandTimeout='30']
      SELECT [b].[Id], [b].[AuthorId], [b].[Content], [b].[CreatedAt], [b].[ImageUrl], [b].[Title], [u].[Id], [u].[AuthProvider], [u].[CreatedAt], [u].[Email], [u].[FullName], [u].[PasswordHash], [u].[Role], [u].[Username]
      FROM [BlogPosts] AS [b]
      INNER JOIN [Users] AS [u] ON [b].[AuthorId] = [u].[Id]
      ORDER BY [b].[CreatedAt] DESC
info: Microsoft.EntityFrameworkCore.Database.Command[20101]
      Executed DbCommand (2ms) [Parameters=[], CommandType='Text', CommandTimeout='30']
      SELECT [t].[Id], [t].[CheckIn], [t].[CheckOut], [t].[EmployeeName], [t].[Note], [t].[WorkDate], [t].[WorkHours]
      FROM [TimesheetEntries] AS [t]
      ORDER BY [t].[WorkDate], [t].[EmployeeName]
info: Microsoft.EntityFrameworkCore.Database.Command[20101]
      Executed DbCommand (1ms) [Parameters=[], CommandType='Text', CommandTimeout='30']
      SELECT [l].[Id], [l].[Header], [l].[IsNumeric], [l].[Position]
      FROM [LeaveColumns] AS [l]
      ORDER BY [l].[Position]
info: Microsoft.EntityFrameworkCore.Database.Command[20101]
      Executed DbCommand (1ms) [Parameters=[], CommandType='Text', CommandTimeout='30']
      SELECT [l].[Id], [l].[CellsJson], [l].[Position]
      FROM [LeaveRows] AS [l]
      ORDER BY [l].[Position]
info: Microsoft.EntityFrameworkCore.Database.Command[20101]
      Executed DbCommand (3ms) [Parameters=[], CommandType='Text', CommandTimeout='30']
      SELECT [m].[Id], [m].[CreatedAt], [m].[CreatedById], [m].[Description], [m].[EndTime], [m].[MeetingDate], [m].[StartTime], [m].[Title], [u].[Id], [u].[AuthProvider], [u].[CreatedAt], [u].[Email], [u].[FullName], [u].[PasswordHash], [u].[Role], [u].[Username]
      FROM [Meetings] AS [m]
      INNER JOIN [Users] AS [u] ON [m].[CreatedById] = [u].[Id]
      ORDER BY [m].[MeetingDate], [m].[StartTime]
info: Microsoft.EntityFrameworkCore.Database.Command[20101]
      Executed DbCommand (2ms) [Parameters=[], CommandType='Text', CommandTimeout='30']
      SELECT [b].[Id], [b].[AuthorId], [b].[Content], [b].[CreatedAt], [b].[ImageUrl], [b].[Title], [u].[Id], [u].[AuthProvider], [u].[CreatedAt], [u].[Email], [u].[FullName], [u].[PasswordHash], [u].[Role], [u].[Username]
      FROM [BlogPosts] AS [b]
      INNER JOIN [Users] AS [u] ON [b].[AuthorId] = [u].[Id]
      ORDER BY [b].[CreatedAt] DESC
info: Microsoft.EntityFrameworkCore.Database.Command[20101]
      Executed DbCommand (2ms) [Parameters=[], CommandType='Text', CommandTimeout='30']
      SELECT [m].[Id], [m].[CreatedAt], [m].[CreatedById], [m].[Description], [m].[EndTime], [m].[MeetingDate], [m].[StartTime], [m].[Title], [u].[Id], [u].[AuthProvider], [u].[CreatedAt], [u].[Email], [u].[FullName], [u].[PasswordHash], [u].[Role], [u].[Username]
      FROM [Meetings] AS [m]
      INNER JOIN [Users] AS [u] ON [m].[CreatedById] = [u].[Id]
      ORDER BY [m].[MeetingDate], [m].[StartTime]
info: Microsoft.EntityFrameworkCore.Database.Command[20101]
      Executed DbCommand (1ms) [Parameters=[], CommandType='Text', CommandTimeout='30']
      SELECT [l].[Id], [l].[Header], [l].[IsNumeric], [l].[Position]
      FROM [LeaveColumns] AS [l]
      ORDER BY [l].[Position]
info: Microsoft.EntityFrameworkCore.Database.Command[20101]
      Executed DbCommand (1ms) [Parameters=[], CommandType='Text', CommandTimeout='30']
      SELECT [l].[Id], [l].[CellsJson], [l].[Position]
      FROM [LeaveRows] AS [l]
      ORDER BY [l].[Position]
info: Microsoft.EntityFrameworkCore.Database.Command[20101]
      Executed DbCommand (1ms) [Parameters=[], CommandType='Text', CommandTimeout='30']
      SELECT [t].[Id], [t].[CheckIn], [t].[CheckOut], [t].[EmployeeName], [t].[Note], [t].[WorkDate], [t].[WorkHours]
      FROM [TimesheetEntries] AS [t]
      ORDER BY [t].[WorkDate], [t].[EmployeeName]
info: Microsoft.EntityFrameworkCore.Database.Command[20101]
      Executed DbCommand (2ms) [Parameters=[], CommandType='Text', CommandTimeout='30']
      SELECT [b].[Id], [b].[AuthorId], [b].[Content], [b].[CreatedAt], [b].[ImageUrl], [b].[Title], [u].[Id], [u].[AuthProvider], [u].[CreatedAt], [u].[Email], [u].[FullName], [u].[PasswordHash], [u].[Role], [u].[Username]
      FROM [BlogPosts] AS [b]
      INNER JOIN [Users] AS [u] ON [b].[AuthorId] = [u].[Id]
      ORDER BY [b].[CreatedAt] DESC
info: Microsoft.EntityFrameworkCore.Database.Command[20101]
      Executed DbCommand (3ms) [Parameters=[], CommandType='Text', CommandTimeout='30']
      SELECT [b].[Id], [b].[AuthorId], [b].[Content], [b].[CreatedAt], [b].[ImageUrl], [b].[Title], [u].[Id], [u].[AuthProvider], [u].[CreatedAt], [u].[Email], [u].[FullName], [u].[PasswordHash], [u].[Role], [u].[Username]
      FROM [BlogPosts] AS [b]
      INNER JOIN [Users] AS [u] ON [b].[AuthorId] = [u].[Id]
      ORDER BY [b].[CreatedAt] DESC
info: Microsoft.EntityFrameworkCore.Database.Command[20101]
      Executed DbCommand (2ms) [Parameters=[], CommandType='Text', CommandTimeout='30']
      SELECT [m].[Id], [m].[CreatedAt], [m].[CreatedById], [m].[Description], [m].[EndTime], [m].[MeetingDate], [m].[StartTime], [m].[Title], [u].[Id], [u].[AuthProvider], [u].[CreatedAt], [u].[Email], [u].[FullName], [u].[PasswordHash], [u].[Role], [u].[Username]
      FROM [Meetings] AS [m]
      INNER JOIN [Users] AS [u] ON [m].[CreatedById] = [u].[Id]
      ORDER BY [m].[MeetingDate], [m].[StartTime]
info: Microsoft.EntityFrameworkCore.Database.Command[20101]
      Executed DbCommand (1ms) [Parameters=[], CommandType='Text', CommandTimeout='30']
      SELECT [l].[Id], [l].[Header], [l].[IsNumeric], [l].[Position]
      FROM [LeaveColumns] AS [l]
      ORDER BY [l].[Position]
info: Microsoft.EntityFrameworkCore.Database.Command[20101]
      Executed DbCommand (1ms) [Parameters=[], CommandType='Text', CommandTimeout='30']
      SELECT [l].[Id], [l].[CellsJson], [l].[Position]
      FROM [LeaveRows] AS [l]
      ORDER BY [l].[Position]
info: Microsoft.EntityFrameworkCore.Database.Command[20101]
      Executed DbCommand (1ms) [Parameters=[], CommandType='Text', CommandTimeout='30']
      SELECT [t].[Id], [t].[CheckIn], [t].[CheckOut], [t].[EmployeeName], [t].[Note], [t].[WorkDate], [t].[WorkHours]
      FROM [TimesheetEntries] AS [t]
      ORDER BY [t].[WorkDate], [t].[EmployeeName]
info: Microsoft.EntityFrameworkCore.Database.Command[20101]
      Executed DbCommand (1ms) [Parameters=[], CommandType='Text', CommandTimeout='30']
      SELECT [u].[Id], [u].[Username], [u].[FullName], [u].[Role], [u].[CreatedAt]
      FROM [Users] AS [u]
      ORDER BY [u].[Id]
info: Microsoft.EntityFrameworkCore.Database.Command[20101]
      Executed DbCommand (4ms) [Parameters=[], CommandType='Text', CommandTimeout='30']
      SELECT [b].[Id], [b].[AuthorId], [b].[Content], [b].[CreatedAt], [b].[ImageUrl], [b].[Title], [u].[Id], [u].[AuthProvider], [u].[CreatedAt], [u].[Email], [u].[FullName], [u].[PasswordHash], [u].[Role], [u].[Username]
      FROM [BlogPosts] AS [b]
      INNER JOIN [Users] AS [u] ON [b].[AuthorId] = [u].[Id]
      ORDER BY [b].[CreatedAt] DESC
info: Microsoft.EntityFrameworkCore.Database.Command[20101]
      Executed DbCommand (1ms) [Parameters=[], CommandType='Text', CommandTimeout='30']
      SELECT [t].[Id], [t].[CheckIn], [t].[CheckOut], [t].[EmployeeName], [t].[Note], [t].[WorkDate], [t].[WorkHours]
      FROM [TimesheetEntries] AS [t]
      ORDER BY [t].[WorkDate], [t].[EmployeeName]
info: Microsoft.EntityFrameworkCore.Database.Command[20101]
      Executed DbCommand (1ms) [Parameters=[], CommandType='Text', CommandTimeout='30']
      SELECT [l].[Id], [l].[Header], [l].[IsNumeric], [l].[Position]
      FROM [LeaveColumns] AS [l]
      ORDER BY [l].[Position]
info: Microsoft.EntityFrameworkCore.Database.Command[20101]
      Executed DbCommand (1ms) [Parameters=[], CommandType='Text', CommandTimeout='30']
      SELECT [l].[Id], [l].[CellsJson], [l].[Position]
      FROM [LeaveRows] AS [l]
      ORDER BY [l].[Position]
info: Microsoft.EntityFrameworkCore.Database.Command[20101]
      Executed DbCommand (3ms) [Parameters=[], CommandType='Text', CommandTimeout='30']
      SELECT [b].[Id], [b].[AuthorId], [b].[Content], [b].[CreatedAt], [b].[ImageUrl], [b].[Title], [u].[Id], [u].[AuthProvider], [u].[CreatedAt], [u].[Email], [u].[FullName], [u].[PasswordHash], [u].[Role], [u].[Username]
      FROM [BlogPosts] AS [b]
      INNER JOIN [Users] AS [u] ON [b].[AuthorId] = [u].[Id]
      ORDER BY [b].[CreatedAt] DESC
info: Microsoft.EntityFrameworkCore.Database.Command[20101]
      Executed DbCommand (1ms) [Parameters=[], CommandType='Text', CommandTimeout='30']
      SELECT [l].[Id], [l].[Header], [l].[IsNumeric], [l].[Position]
      FROM [LeaveColumns] AS [l]
      ORDER BY [l].[Position]
info: Microsoft.EntityFrameworkCore.Database.Command[20101]
      Executed DbCommand (1ms) [Parameters=[], CommandType='Text', CommandTimeout='30']
      SELECT [l].[Id], [l].[CellsJson], [l].[Position]
      FROM [LeaveRows] AS [l]
      ORDER BY [l].[Position]
info: Microsoft.EntityFrameworkCore.Database.Command[20101]
      Executed DbCommand (4ms) [Parameters=[], CommandType='Text', CommandTimeout='30']
      SELECT [b].[Id], [b].[AuthorId], [b].[Content], [b].[CreatedAt], [b].[ImageUrl], [b].[Title], [u].[Id], [u].[AuthProvider], [u].[CreatedAt], [u].[Email], [u].[FullName], [u].[PasswordHash], [u].[Role], [u].[Username]
      FROM [BlogPosts] AS [b]
      INNER JOIN [Users] AS [u] ON [b].[AuthorId] = [u].[Id]
      ORDER BY [b].[CreatedAt] DESC
info: Microsoft.EntityFrameworkCore.Database.Command[20101]
      Executed DbCommand (2ms) [Parameters=[], CommandType='Text', CommandTimeout='30']
      SELECT [l].[Id], [l].[Header], [l].[IsNumeric], [l].[Position]
      FROM [LeaveColumns] AS [l]
      ORDER BY [l].[Position]
info: Microsoft.EntityFrameworkCore.Database.Command[20101]
      Executed DbCommand (1ms) [Parameters=[], CommandType='Text', CommandTimeout='30']
      SELECT [l].[Id], [l].[CellsJson], [l].[Position]
      FROM [LeaveRows] AS [l]
      ORDER BY [l].[Position]
info: Microsoft.EntityFrameworkCore.Database.Command[20101]
      Executed DbCommand (0ms) [Parameters=[], CommandType='Text', CommandTimeout='30']
      SELECT [b].[Id], [b].[AuthorId], [b].[Content], [b].[CreatedAt], [b].[ImageUrl], [b].[Title], [u].[Id], [u].[AuthProvider], [u].[CreatedAt], [u].[Email], [u].[FullName], [u].[PasswordHash], [u].[Role], [u].[Username]
      FROM [BlogPosts] AS [b]
      INNER JOIN [Users] AS [u] ON [b].[AuthorId] = [u].[Id]
      ORDER BY [b].[CreatedAt] DESC
info: Microsoft.EntityFrameworkCore.Database.Command[20101]
      Executed DbCommand (1ms) [Parameters=[], CommandType='Text', CommandTimeout='30']
      SELECT [l].[Id], [l].[Header], [l].[IsNumeric], [l].[Position]
      FROM [LeaveColumns] AS [l]
      ORDER BY [l].[Position]
info: Microsoft.EntityFrameworkCore.Database.Command[20101]
      Executed DbCommand (0ms) [Parameters=[], CommandType='Text', CommandTimeout='30']
      SELECT [l].[Id], [l].[CellsJson], [l].[Position]
      FROM [LeaveRows] AS [l]
      ORDER BY [l].[Position]
info: Microsoft.EntityFrameworkCore.Database.Command[20101]
      Executed DbCommand (2ms) [Parameters=[], CommandType='Text', CommandTimeout='30']
      SELECT [b].[Id], [b].[AuthorId], [b].[Content], [b].[CreatedAt], [b].[ImageUrl], [b].[Title], [u].[Id], [u].[AuthProvider], [u].[CreatedAt], [u].[Email], [u].[FullName], [u].[PasswordHash], [u].[Role], [u].[Username]
      FROM [BlogPosts] AS [b]
      INNER JOIN [Users] AS [u] ON [b].[AuthorId] = [u].[Id]
      ORDER BY [b].[CreatedAt] DESC
info: Microsoft.EntityFrameworkCore.Database.Command[20101]
      Executed DbCommand (1ms) [Parameters=[], CommandType='Text', CommandTimeout='30']
      SELECT [t].[Id], [t].[CheckIn], [t].[CheckOut], [t].[EmployeeName], [t].[Note], [t].[WorkDate], [t].[WorkHours]
      FROM [TimesheetEntries] AS [t]
      ORDER BY [t].[WorkDate], [t].[EmployeeName]
info: Microsoft.EntityFrameworkCore.Database.Command[20101]
      Executed DbCommand (1ms) [Parameters=[], CommandType='Text', CommandTimeout='30']
      SELECT [l].[Id], [l].[Header], [l].[IsNumeric], [l].[Position]
      FROM [LeaveColumns] AS [l]
      ORDER BY [l].[Position]
info: Microsoft.EntityFrameworkCore.Database.Command[20101]
      Executed DbCommand (1ms) [Parameters=[], CommandType='Text', CommandTimeout='30']
      SELECT [l].[Id], [l].[CellsJson], [l].[Position]
      FROM [LeaveRows] AS [l]
      ORDER BY [l].[Position]
info: Microsoft.EntityFrameworkCore.Database.Command[20101]
      Executed DbCommand (3ms) [Parameters=[], CommandType='Text', CommandTimeout='30']
      SELECT [m].[Id], [m].[CreatedAt], [m].[CreatedById], [m].[Description], [m].[EndTime], [m].[MeetingDate], [m].[StartTime], [m].[Title], [u].[Id], [u].[AuthProvider], [u].[CreatedAt], [u].[Email], [u].[FullName], [u].[PasswordHash], [u].[Role], [u].[Username]
      FROM [Meetings] AS [m]
      INNER JOIN [Users] AS [u] ON [m].[CreatedById] = [u].[Id]
      ORDER BY [m].[MeetingDate], [m].[StartTime]
info: Microsoft.EntityFrameworkCore.Database.Command[20101]
      Executed DbCommand (2ms) [Parameters=[], CommandType='Text', CommandTimeout='30']
      SELECT [b].[Id], [b].[AuthorId], [b].[Content], [b].[CreatedAt], [b].[ImageUrl], [b].[Title], [u].[Id], [u].[AuthProvider], [u].[CreatedAt], [u].[Email], [u].[FullName], [u].[PasswordHash], [u].[Role], [u].[Username]
      FROM [BlogPosts] AS [b]
      INNER JOIN [Users] AS [u] ON [b].[AuthorId] = [u].[Id]
      ORDER BY [b].[CreatedAt] DESC
info: Microsoft.EntityFrameworkCore.Database.Command[20101]
      Executed DbCommand (1ms) [Parameters=[], CommandType='Text', CommandTimeout='30']
      SELECT [t].[Id], [t].[CheckIn], [t].[CheckOut], [t].[EmployeeName], [t].[Note], [t].[WorkDate], [t].[WorkHours]
      FROM [TimesheetEntries] AS [t]
      ORDER BY [t].[WorkDate], [t].[EmployeeName]
info: Microsoft.EntityFrameworkCore.Database.Command[20101]
      Executed DbCommand (2ms) [Parameters=[], CommandType='Text', CommandTimeout='30']
      SELECT [b].[Id], [b].[AuthorId], [b].[Content], [b].[CreatedAt], [b].[ImageUrl], [b].[Title], [u].[Id], [u].[AuthProvider], [u].[CreatedAt], [u].[Email], [u].[FullName], [u].[PasswordHash], [u].[Role], [u].[Username]
      FROM [BlogPosts] AS [b]
      INNER JOIN [Users] AS [u] ON [b].[AuthorId] = [u].[Id]
      ORDER BY [b].[CreatedAt] DESC
info: Microsoft.EntityFrameworkCore.Database.Command[20101]
      Executed DbCommand (1ms) [Parameters=[], CommandType='Text', CommandTimeout='30']
      SELECT [t].[Id], [t].[CheckIn], [t].[CheckOut], [t].[EmployeeName], [t].[Note], [t].[WorkDate], [t].[WorkHours]
      FROM [TimesheetEntries] AS [t]
      ORDER BY [t].[WorkDate], [t].[EmployeeName]
info: Microsoft.EntityFrameworkCore.Database.Command[20101]
      Executed DbCommand (1ms) [Parameters=[], CommandType='Text', CommandTimeout='30']
      SELECT [l].[Id], [l].[Header], [l].[IsNumeric], [l].[Position]
      FROM [LeaveColumns] AS [l]
      ORDER BY [l].[Position]
info: Microsoft.EntityFrameworkCore.Database.Command[20101]
      Executed DbCommand (1ms) [Parameters=[], CommandType='Text', CommandTimeout='30']
      SELECT [l].[Id], [l].[CellsJson], [l].[Position]
      FROM [LeaveRows] AS [l]
      ORDER BY [l].[Position]
info: Microsoft.EntityFrameworkCore.Database.Command[20101]
      Executed DbCommand (3ms) [Parameters=[], CommandType='Text', CommandTimeout='30']
      SELECT [b].[Id], [b].[AuthorId], [b].[Content], [b].[CreatedAt], [b].[ImageUrl], [b].[Title], [u].[Id], [u].[AuthProvider], [u].[CreatedAt], [u].[Email], [u].[FullName], [u].[PasswordHash], [u].[Role], [u].[Username]
      FROM [BlogPosts] AS [b]
      INNER JOIN [Users] AS [u] ON [b].[AuthorId] = [u].[Id]
      ORDER BY [b].[CreatedAt] DESC
info: Microsoft.EntityFrameworkCore.Database.Command[20101]
      Executed DbCommand (2ms) [Parameters=[], CommandType='Text', CommandTimeout='30']
      SELECT [t].[Id], [t].[CheckIn], [t].[CheckOut], [t].[EmployeeName], [t].[Note], [t].[WorkDate], [t].[WorkHours]
      FROM [TimesheetEntries] AS [t]
      ORDER BY [t].[WorkDate], [t].[EmployeeName]
info: Microsoft.EntityFrameworkCore.Database.Command[20101]
      Executed DbCommand (1ms) [Parameters=[], CommandType='Text', CommandTimeout='30']
      SELECT [l].[Id], [l].[Header], [l].[IsNumeric], [l].[Position]
      FROM [LeaveColumns] AS [l]
      ORDER BY [l].[Position]
info: Microsoft.EntityFrameworkCore.Database.Command[20101]
      Executed DbCommand (1ms) [Parameters=[], CommandType='Text', CommandTimeout='30']
      SELECT [l].[Id], [l].[CellsJson], [l].[Position]
      FROM [LeaveRows] AS [l]
      ORDER BY [l].[Position]
info: Microsoft.EntityFrameworkCore.Database.Command[20101]
      Executed DbCommand (1ms) [Parameters=[], CommandType='Text', CommandTimeout='30']
      SELECT [u].[Id], [u].[Username], [u].[FullName], [u].[Role], [u].[CreatedAt]
      FROM [Users] AS [u]
      ORDER BY [u].[Id]
info: Microsoft.EntityFrameworkCore.Database.Command[20101]
      Executed DbCommand (2ms) [Parameters=[], CommandType='Text', CommandTimeout='30']
      SELECT [m].[Id], [m].[CreatedAt], [m].[CreatedById], [m].[Description], [m].[EndTime], [m].[MeetingDate], [m].[StartTime], [m].[Title], [u].[Id], [u].[AuthProvider], [u].[CreatedAt], [u].[Email], [u].[FullName], [u].[PasswordHash], [u].[Role], [u].[Username]
      FROM [Meetings] AS [m]
      INNER JOIN [Users] AS [u] ON [m].[CreatedById] = [u].[Id]
      ORDER BY [m].[MeetingDate], [m].[StartTime]
info: Microsoft.EntityFrameworkCore.Database.Command[20101]
      Executed DbCommand (4ms) [Parameters=[], CommandType='Text', CommandTimeout='30']
      SELECT [b].[Id], [b].[AuthorId], [b].[Content], [b].[CreatedAt], [b].[ImageUrl], [b].[Title], [u].[Id], [u].[AuthProvider], [u].[CreatedAt], [u].[Email], [u].[FullName], [u].[PasswordHash], [u].[Role], [u].[Username]
      FROM [BlogPosts] AS [b]
      INNER JOIN [Users] AS [u] ON [b].[AuthorId] = [u].[Id]
      ORDER BY [b].[CreatedAt] DESC
info: Microsoft.EntityFrameworkCore.Database.Command[20101]
      Executed DbCommand (1ms) [Parameters=[], CommandType='Text', CommandTimeout='30']
      SELECT [u].[Id], [u].[Username], [u].[FullName], [u].[Role], [u].[CreatedAt]
      FROM [Users] AS [u]
      ORDER BY [u].[Id]
info: Microsoft.EntityFrameworkCore.Database.Command[20101]
      Executed DbCommand (1ms) [Parameters=[], CommandType='Text', CommandTimeout='30']
      SELECT [t].[Id], [t].[CheckIn], [t].[CheckOut], [t].[EmployeeName], [t].[Note], [t].[WorkDate], [t].[WorkHours]
      FROM [TimesheetEntries] AS [t]
      ORDER BY [t].[WorkDate], [t].[EmployeeName]
info: Microsoft.EntityFrameworkCore.Database.Command[20101]
      Executed DbCommand (1ms) [Parameters=[], CommandType='Text', CommandTimeout='30']
      SELECT [l].[Id], [l].[Header], [l].[IsNumeric], [l].[Position]
      FROM [LeaveColumns] AS [l]
      ORDER BY [l].[Position]
info: Microsoft.EntityFrameworkCore.Database.Command[20101]
      Executed DbCommand (1ms) [Parameters=[], CommandType='Text', CommandTimeout='30']
      SELECT [l].[Id], [l].[CellsJson], [l].[Position]
      FROM [LeaveRows] AS [l]
      ORDER BY [l].[Position]
info: Microsoft.EntityFrameworkCore.Database.Command[20101]
      Executed DbCommand (3ms) [Parameters=[], CommandType='Text', CommandTimeout='30']
      SELECT [m].[Id], [m].[CreatedAt], [m].[CreatedById], [m].[Description], [m].[EndTime], [m].[MeetingDate], [m].[StartTime], [m].[Title], [u].[Id], [u].[AuthProvider], [u].[CreatedAt], [u].[Email], [u].[FullName], [u].[PasswordHash], [u].[Role], [u].[Username]
      FROM [Meetings] AS [m]
      INNER JOIN [Users] AS [u] ON [m].[CreatedById] = [u].[Id]
      ORDER BY [m].[MeetingDate], [m].[StartTime]
info: Microsoft.EntityFrameworkCore.Database.Command[20101]
      Executed DbCommand (2ms) [Parameters=[@__request_Username_0='?' (Size = 100)], CommandType='Text', CommandTimeout='30']
      SELECT TOP(1) [u].[Id], [u].[AuthProvider], [u].[CreatedAt], [u].[Email], [u].[FullName], [u].[PasswordHash], [u].[Role], [u].[Username]
      FROM [Users] AS [u]
      WHERE [u].[Username] = @__request_Username_0
info: Microsoft.EntityFrameworkCore.Database.Command[20101]
      Executed DbCommand (2ms) [Parameters=[], CommandType='Text', CommandTimeout='30']
      SELECT [b].[Id], [b].[AuthorId], [b].[Content], [b].[CreatedAt], [b].[ImageUrl], [b].[Title], [u].[Id], [u].[AuthProvider], [u].[CreatedAt], [u].[Email], [u].[FullName], [u].[PasswordHash], [u].[Role], [u].[Username]
      FROM [BlogPosts] AS [b]
      INNER JOIN [Users] AS [u] ON [b].[AuthorId] = [u].[Id]
      ORDER BY [b].[CreatedAt] DESC
info: Microsoft.EntityFrameworkCore.Database.Command[20101]
      Executed DbCommand (1ms) [Parameters=[], CommandType='Text', CommandTimeout='30']
      SELECT [m].[Id], [m].[CreatedAt], [m].[CreatedById], [m].[Description], [m].[EndTime], [m].[MeetingDate], [m].[StartTime], [m].[Title], [u].[Id], [u].[AuthProvider], [u].[CreatedAt], [u].[Email], [u].[FullName], [u].[PasswordHash], [u].[Role], [u].[Username]
      FROM [Meetings] AS [m]
      INNER JOIN [Users] AS [u] ON [m].[CreatedById] = [u].[Id]
      ORDER BY [m].[MeetingDate], [m].[StartTime]
info: Microsoft.EntityFrameworkCore.Database.Command[20101]
      Executed DbCommand (0ms) [Parameters=[], CommandType='Text', CommandTimeout='30']
      SELECT [l].[Id], [l].[Header], [l].[IsNumeric], [l].[Position]
      FROM [LeaveColumns] AS [l]
      ORDER BY [l].[Position]
info: Microsoft.EntityFrameworkCore.Database.Command[20101]
      Executed DbCommand (0ms) [Parameters=[], CommandType='Text', CommandTimeout='30']
      SELECT [l].[Id], [l].[CellsJson], [l].[Position]
      FROM [LeaveRows] AS [l]
      ORDER BY [l].[Position]
info: Microsoft.EntityFrameworkCore.Database.Command[20101]
      Executed DbCommand (0ms) [Parameters=[], CommandType='Text', CommandTimeout='30']
      SELECT [t].[Id], [t].[CheckIn], [t].[CheckOut], [t].[EmployeeName], [t].[Note], [t].[WorkDate], [t].[WorkHours]
      FROM [TimesheetEntries] AS [t]
      ORDER BY [t].[WorkDate], [t].[EmployeeName]
info: Microsoft.EntityFrameworkCore.Database.Command[20101]
      Executed DbCommand (1ms) [Parameters=[], CommandType='Text', CommandTimeout='30']
      SELECT [l].[Id], [l].[Header], [l].[IsNumeric], [l].[Position]
      FROM [LeaveColumns] AS [l]
      ORDER BY [l].[Position]
info: Microsoft.EntityFrameworkCore.Database.Command[20101]
      Executed DbCommand (1ms) [Parameters=[], CommandType='Text', CommandTimeout='30']
      SELECT [l].[Id], [l].[CellsJson], [l].[Position]
      FROM [LeaveRows] AS [l]
      ORDER BY [l].[Position]
info: Microsoft.EntityFrameworkCore.Database.Command[20101]
      Executed DbCommand (3ms) [Parameters=[], CommandType='Text', CommandTimeout='30']
      SELECT [b].[Id], [b].[AuthorId], [b].[Content], [b].[CreatedAt], [b].[ImageUrl], [b].[Title], [u].[Id], [u].[AuthProvider], [u].[CreatedAt], [u].[Email], [u].[FullName], [u].[PasswordHash], [u].[Role], [u].[Username]
      FROM [BlogPosts] AS [b]
      INNER JOIN [Users] AS [u] ON [b].[AuthorId] = [u].[Id]
      ORDER BY [b].[CreatedAt] DESC
info: Microsoft.EntityFrameworkCore.Database.Command[20101]
      Executed DbCommand (1ms) [Parameters=[], CommandType='Text', CommandTimeout='30']
      SELECT [l].[Id], [l].[Header], [l].[IsNumeric], [l].[Position]
      FROM [LeaveColumns] AS [l]
      ORDER BY [l].[Position]
info: Microsoft.EntityFrameworkCore.Database.Command[20101]
      Executed DbCommand (1ms) [Parameters=[], CommandType='Text', CommandTimeout='30']
      SELECT [l].[Id], [l].[CellsJson], [l].[Position]
      FROM [LeaveRows] AS [l]
      ORDER BY [l].[Position]
info: Microsoft.EntityFrameworkCore.Database.Command[20101]
      Executed DbCommand (1ms) [Parameters=[], CommandType='Text', CommandTimeout='30']
      SELECT [t].[Id], [t].[CheckIn], [t].[CheckOut], [t].[EmployeeName], [t].[Note], [t].[WorkDate], [t].[WorkHours]
      FROM [TimesheetEntries] AS [t]
      ORDER BY [t].[WorkDate], [t].[EmployeeName]
info: Microsoft.EntityFrameworkCore.Database.Command[20101]
      Executed DbCommand (3ms) [Parameters=[], CommandType='Text', CommandTimeout='30']
      SELECT [b].[Id], [b].[AuthorId], [b].[Content], [b].[CreatedAt], [b].[ImageUrl], [b].[Title], [u].[Id], [u].[AuthProvider], [u].[CreatedAt], [u].[Email], [u].[FullName], [u].[PasswordHash], [u].[Role], [u].[Username]
      FROM [BlogPosts] AS [b]
      INNER JOIN [Users] AS [u] ON [b].[AuthorId] = [u].[Id]
      ORDER BY [b].[CreatedAt] DESC
info: Microsoft.EntityFrameworkCore.Database.Command[20101]
      Executed DbCommand (5ms) [Parameters=[], CommandType='Text', CommandTimeout='30']
      SELECT [b].[Id], [b].[AuthorId], [b].[Content], [b].[CreatedAt], [b].[ImageUrl], [b].[Title], [u].[Id], [u].[AuthProvider], [u].[CreatedAt], [u].[Email], [u].[FullName], [u].[PasswordHash], [u].[Role], [u].[Username]
      FROM [BlogPosts] AS [b]
      INNER JOIN [Users] AS [u] ON [b].[AuthorId] = [u].[Id]
      ORDER BY [b].[CreatedAt] DESC
info: Microsoft.EntityFrameworkCore.Database.Command[20101]
      Executed DbCommand (1ms) [Parameters=[], CommandType='Text', CommandTimeout='30']
      SELECT [b].[Id], [b].[AuthorId], [b].[Content], [b].[CreatedAt], [b].[ImageUrl], [b].[Title], [u].[Id], [u].[AuthProvider], [u].[CreatedAt], [u].[Email], [u].[FullName], [u].[PasswordHash], [u].[Role], [u].[Username]
      FROM [BlogPosts] AS [b]
      INNER JOIN [Users] AS [u] ON [b].[AuthorId] = [u].[Id]
      ORDER BY [b].[CreatedAt] DESC
info: Microsoft.EntityFrameworkCore.Database.Command[20101]
      Executed DbCommand (3ms) [Parameters=[], CommandType='Text', CommandTimeout='30']
      SELECT [b].[Id], [b].[AuthorId], [b].[Content], [b].[CreatedAt], [b].[ImageUrl], [b].[Title], [u].[Id], [u].[AuthProvider], [u].[CreatedAt], [u].[Email], [u].[FullName], [u].[PasswordHash], [u].[Role], [u].[Username]
      FROM [BlogPosts] AS [b]
      INNER JOIN [Users] AS [u] ON [b].[AuthorId] = [u].[Id]
      ORDER BY [b].[CreatedAt] DESC
info: Microsoft.EntityFrameworkCore.Database.Command[20101]
      Executed DbCommand (1ms) [Parameters=[], CommandType='Text', CommandTimeout='30']
      SELECT [l].[Id], [l].[Header], [l].[IsNumeric], [l].[Position]
      FROM [LeaveColumns] AS [l]
      ORDER BY [l].[Position]
info: Microsoft.EntityFrameworkCore.Database.Command[20101]
      Executed DbCommand (1ms) [Parameters=[], CommandType='Text', CommandTimeout='30']
      SELECT [l].[Id], [l].[CellsJson], [l].[Position]
      FROM [LeaveRows] AS [l]
      ORDER BY [l].[Position]
info: Microsoft.EntityFrameworkCore.Database.Command[20101]
      Executed DbCommand (0ms) [Parameters=[], CommandType='Text', CommandTimeout='30']
      SELECT [l].[Id], [l].[Header], [l].[IsNumeric], [l].[Position]
      FROM [LeaveColumns] AS [l]
      ORDER BY [l].[Position]
info: Microsoft.EntityFrameworkCore.Database.Command[20101]
      Executed DbCommand (0ms) [Parameters=[], CommandType='Text', CommandTimeout='30']
      SELECT [l].[Id], [l].[CellsJson], [l].[Position]
      FROM [LeaveRows] AS [l]
      ORDER BY [l].[Position]
info: Microsoft.EntityFrameworkCore.Database.Command[20101]
      Executed DbCommand (1ms) [Parameters=[], CommandType='Text', CommandTimeout='30']
      SELECT [t].[Id], [t].[CheckIn], [t].[CheckOut], [t].[EmployeeName], [t].[Note], [t].[WorkDate], [t].[WorkHours]
      FROM [TimesheetEntries] AS [t]
      ORDER BY [t].[WorkDate], [t].[EmployeeName]
info: Microsoft.EntityFrameworkCore.Database.Command[20101]
      Executed DbCommand (1ms) [Parameters=[], CommandType='Text', CommandTimeout='30']
      SELECT [l].[Id], [l].[Header], [l].[IsNumeric], [l].[Position]
      FROM [LeaveColumns] AS [l]
      ORDER BY [l].[Position]
info: Microsoft.EntityFrameworkCore.Database.Command[20101]
      Executed DbCommand (0ms) [Parameters=[], CommandType='Text', CommandTimeout='30']
      SELECT [l].[Id], [l].[CellsJson], [l].[Position]
      FROM [LeaveRows] AS [l]
      ORDER BY [l].[Position]
info: Microsoft.EntityFrameworkCore.Database.Command[20101]
      Executed DbCommand (0ms) [Parameters=[], CommandType='Text', CommandTimeout='30']
      SELECT [l].[Id], [l].[Header], [l].[IsNumeric], [l].[Position]
      FROM [LeaveColumns] AS [l]
      ORDER BY [l].[Position]
info: Microsoft.EntityFrameworkCore.Database.Command[20101]
      Executed DbCommand (0ms) [Parameters=[], CommandType='Text', CommandTimeout='30']
      SELECT [l].[Id], [l].[CellsJson], [l].[Position]
      FROM [LeaveRows] AS [l]
      ORDER BY [l].[Position]
info: Microsoft.EntityFrameworkCore.Database.Command[20101]
      Executed DbCommand (1ms) [Parameters=[], CommandType='Text', CommandTimeout='30']
      SELECT [l].[Id], [l].[Header], [l].[IsNumeric], [l].[Position]
      FROM [LeaveColumns] AS [l]
      ORDER BY [l].[Position]
info: Microsoft.EntityFrameworkCore.Database.Command[20101]
      Executed DbCommand (0ms) [Parameters=[], CommandType='Text', CommandTimeout='30']
      SELECT [l].[Id], [l].[CellsJson], [l].[Position]
      FROM [LeaveRows] AS [l]
      ORDER BY [l].[Position]
info: Microsoft.EntityFrameworkCore.Database.Command[20101]
      Executed DbCommand (0ms) [Parameters=[], CommandType='Text', CommandTimeout='30']
      SELECT [t].[Id], [t].[CheckIn], [t].[CheckOut], [t].[EmployeeName], [t].[Note], [t].[WorkDate], [t].[WorkHours]
      FROM [TimesheetEntries] AS [t]
      ORDER BY [t].[WorkDate], [t].[EmployeeName]
info: Microsoft.EntityFrameworkCore.Database.Command[20101]
      Executed DbCommand (1ms) [Parameters=[], CommandType='Text', CommandTimeout='30']
      SELECT [l].[Id], [l].[Header], [l].[IsNumeric], [l].[Position]
      FROM [LeaveColumns] AS [l]
      ORDER BY [l].[Position]
info: Microsoft.EntityFrameworkCore.Database.Command[20101]
      Executed DbCommand (1ms) [Parameters=[], CommandType='Text', CommandTimeout='30']
      SELECT [l].[Id], [l].[CellsJson], [l].[Position]
      FROM [LeaveRows] AS [l]
      ORDER BY [l].[Position]
info: Microsoft.EntityFrameworkCore.Database.Command[20101]
      Executed DbCommand (1ms) [Parameters=[], CommandType='Text', CommandTimeout='30']
      SELECT [l].[Id], [l].[Header], [l].[IsNumeric], [l].[Position]
      FROM [LeaveColumns] AS [l]
      ORDER BY [l].[Position]
info: Microsoft.EntityFrameworkCore.Database.Command[20101]
      Executed DbCommand (1ms) [Parameters=[], CommandType='Text', CommandTimeout='30']
      SELECT [l].[Id], [l].[CellsJson], [l].[Position]
      FROM [LeaveRows] AS [l]
      ORDER BY [l].[Position]
info: Microsoft.EntityFrameworkCore.Database.Command[20101]
      Executed DbCommand (2ms) [Parameters=[], CommandType='Text', CommandTimeout='30']
      SELECT [l].[Id], [l].[Header], [l].[IsNumeric], [l].[Position]
      FROM [LeaveColumns] AS [l]
      ORDER BY [l].[Position]
info: Microsoft.EntityFrameworkCore.Database.Command[20101]
      Executed DbCommand (1ms) [Parameters=[], CommandType='Text', CommandTimeout='30']
      SELECT [l].[Id], [l].[CellsJson], [l].[Position]
      FROM [LeaveRows] AS [l]
      ORDER BY [l].[Position]
info: Microsoft.EntityFrameworkCore.Database.Command[20101]
      Executed DbCommand (0ms) [Parameters=[], CommandType='Text', CommandTimeout='30']
      SELECT [l].[Id], [l].[Header], [l].[IsNumeric], [l].[Position]
      FROM [LeaveColumns] AS [l]
      ORDER BY [l].[Position]
info: Microsoft.EntityFrameworkCore.Database.Command[20101]
      Executed DbCommand (0ms) [Parameters=[], CommandType='Text', CommandTimeout='30']
      SELECT [l].[Id], [l].[CellsJson], [l].[Position]
      FROM [LeaveRows] AS [l]
      ORDER BY [l].[Position]
info: Microsoft.EntityFrameworkCore.Database.Command[20101]
      Executed DbCommand (2ms) [Parameters=[], CommandType='Text', CommandTimeout='30']
      SELECT [b].[Id], [b].[AuthorId], [b].[Content], [b].[CreatedAt], [b].[ImageUrl], [b].[Title], [u].[Id], [u].[AuthProvider], [u].[CreatedAt], [u].[Email], [u].[FullName], [u].[PasswordHash], [u].[Role], [u].[Username]
      FROM [BlogPosts] AS [b]
      INNER JOIN [Users] AS [u] ON [b].[AuthorId] = [u].[Id]
      ORDER BY [b].[CreatedAt] DESC
info: Microsoft.EntityFrameworkCore.Database.Command[20101]
      Executed DbCommand (1ms) [Parameters=[], CommandType='Text', CommandTimeout='30']
      SELECT [t].[Id], [t].[CheckIn], [t].[CheckOut], [t].[EmployeeName], [t].[Note], [t].[WorkDate], [t].[WorkHours]
      FROM [TimesheetEntries] AS [t]
      ORDER BY [t].[WorkDate], [t].[EmployeeName]
info: Microsoft.EntityFrameworkCore.Database.Command[20101]
      Executed DbCommand (2ms) [Parameters=[], CommandType='Text', CommandTimeout='30']
      SELECT [m].[Id], [m].[CreatedAt], [m].[CreatedById], [m].[Description], [m].[EndTime], [m].[MeetingDate], [m].[StartTime], [m].[Title], [u].[Id], [u].[AuthProvider], [u].[CreatedAt], [u].[Email], [u].[FullName], [u].[PasswordHash], [u].[Role], [u].[Username]
      FROM [Meetings] AS [m]
      INNER JOIN [Users] AS [u] ON [m].[CreatedById] = [u].[Id]
      ORDER BY [m].[MeetingDate], [m].[StartTime]
info: Microsoft.EntityFrameworkCore.Database.Command[20101]
      Executed DbCommand (4ms) [Parameters=[@__username_0='?' (Size = 100)], CommandType='Text', CommandTimeout='30']
      SELECT CASE
          WHEN EXISTS (
              SELECT 1
              FROM [Users] AS [u]
              WHERE [u].[Username] = @__username_0) THEN CAST(1 AS bit)
          ELSE CAST(0 AS bit)
      END
info: Microsoft.EntityFrameworkCore.Database.Command[20101]
      Executed DbCommand (4ms) [Parameters=[@p0='?' (DbType = Guid), @p1='?' (Size = 20), @p2='?' (DbType = DateTime2), @p3='?' (Size = 200), @p4='?' (Size = 150), @p5='?' (Size = 200), @p6='?' (Size = 20), @p7='?' (Size = 100)], CommandType='Text', CommandTimeout='30']
      SET IMPLICIT_TRANSACTIONS OFF;
      SET NOCOUNT ON;
      INSERT INTO [Users] ([Id], [AuthProvider], [CreatedAt], [Email], [FullName], [PasswordHash], [Role], [Username])
      VALUES (@p0, @p1, @p2, @p3, @p4, @p5, @p6, @p7);
info: Microsoft.EntityFrameworkCore.Database.Command[20101]
      Executed DbCommand (7ms) [Parameters=[], CommandType='Text', CommandTimeout='30']
      SELECT [b].[Id], [b].[AuthorId], [b].[Content], [b].[CreatedAt], [b].[ImageUrl], [b].[Title], [u].[Id], [u].[AuthProvider], [u].[CreatedAt], [u].[Email], [u].[FullName], [u].[PasswordHash], [u].[Role], [u].[Username]
      FROM [BlogPosts] AS [b]
      INNER JOIN [Users] AS [u] ON [b].[AuthorId] = [u].[Id]
      ORDER BY [b].[CreatedAt] DESC
info: Microsoft.EntityFrameworkCore.Database.Command[20101]
      Executed DbCommand (1ms) [Parameters=[], CommandType='Text', CommandTimeout='30']
      SELECT [l].[Id], [l].[Header], [l].[IsNumeric], [l].[Position]
      FROM [LeaveColumns] AS [l]
      ORDER BY [l].[Position]
info: Microsoft.EntityFrameworkCore.Database.Command[20101]
      Executed DbCommand (1ms) [Parameters=[], CommandType='Text', CommandTimeout='30']
      SELECT [l].[Id], [l].[CellsJson], [l].[Position]
      FROM [LeaveRows] AS [l]
      ORDER BY [l].[Position]
info: Microsoft.EntityFrameworkCore.Database.Command[20101]
      Executed DbCommand (5ms) [Parameters=[], CommandType='Text', CommandTimeout='30']
      SELECT [m].[Id], [m].[CreatedAt], [m].[CreatedById], [m].[Description], [m].[EndTime], [m].[MeetingDate], [m].[StartTime], [m].[Title], [u].[Id], [u].[AuthProvider], [u].[CreatedAt], [u].[Email], [u].[FullName], [u].[PasswordHash], [u].[Role], [u].[Username]
      FROM [Meetings] AS [m]
      INNER JOIN [Users] AS [u] ON [m].[CreatedById] = [u].[Id]
      ORDER BY [m].[MeetingDate], [m].[StartTime]
info: Microsoft.EntityFrameworkCore.Database.Command[20101]
      Executed DbCommand (2ms) [Parameters=[], CommandType='Text', CommandTimeout='30']
      SELECT [t].[Id], [t].[CheckIn], [t].[CheckOut], [t].[EmployeeName], [t].[Note], [t].[WorkDate], [t].[WorkHours]
      FROM [TimesheetEntries] AS [t]
      ORDER BY [t].[WorkDate], [t].[EmployeeName]
info: Microsoft.EntityFrameworkCore.Database.Command[20101]
      Executed DbCommand (2ms) [Parameters=[], CommandType='Text', CommandTimeout='30']
      SELECT [b].[Id], [b].[AuthorId], [b].[Content], [b].[CreatedAt], [b].[ImageUrl], [b].[Title], [u].[Id], [u].[AuthProvider], [u].[CreatedAt], [u].[Email], [u].[FullName], [u].[PasswordHash], [u].[Role], [u].[Username]
      FROM [BlogPosts] AS [b]
      INNER JOIN [Users] AS [u] ON [b].[AuthorId] = [u].[Id]
      ORDER BY [b].[CreatedAt] DESC
info: Microsoft.EntityFrameworkCore.Database.Command[20101]
      Executed DbCommand (1ms) [Parameters=[], CommandType='Text', CommandTimeout='30']
      SELECT [l].[Id], [l].[Header], [l].[IsNumeric], [l].[Position]
      FROM [LeaveColumns] AS [l]
      ORDER BY [l].[Position]
info: Microsoft.EntityFrameworkCore.Database.Command[20101]
      Executed DbCommand (1ms) [Parameters=[], CommandType='Text', CommandTimeout='30']
      SELECT [l].[Id], [l].[CellsJson], [l].[Position]
      FROM [LeaveRows] AS [l]
      ORDER BY [l].[Position]
info: Microsoft.EntityFrameworkCore.Database.Command[20101]
      Executed DbCommand (1ms) [Parameters=[], CommandType='Text', CommandTimeout='30']
      SELECT [t].[Id], [t].[CheckIn], [t].[CheckOut], [t].[EmployeeName], [t].[Note], [t].[WorkDate], [t].[WorkHours]
      FROM [TimesheetEntries] AS [t]
      ORDER BY [t].[WorkDate], [t].[EmployeeName]
info: Microsoft.EntityFrameworkCore.Database.Command[20101]
      Executed DbCommand (2ms) [Parameters=[], CommandType='Text', CommandTimeout='30']
      SELECT [m].[Id], [m].[CreatedAt], [m].[CreatedById], [m].[Description], [m].[EndTime], [m].[MeetingDate], [m].[StartTime], [m].[Title], [u].[Id], [u].[AuthProvider], [u].[CreatedAt], [u].[Email], [u].[FullName], [u].[PasswordHash], [u].[Role], [u].[Username]
      FROM [Meetings] AS [m]
      INNER JOIN [Users] AS [u] ON [m].[CreatedById] = [u].[Id]
      ORDER BY [m].[MeetingDate], [m].[StartTime]
info: Microsoft.EntityFrameworkCore.Database.Command[20101]
      Executed DbCommand (4ms) [Parameters=[], CommandType='Text', CommandTimeout='30']
      SELECT [b].[Id], [b].[AuthorId], [b].[Content], [b].[CreatedAt], [b].[ImageUrl], [b].[Title], [u].[Id], [u].[AuthProvider], [u].[CreatedAt], [u].[Email], [u].[FullName], [u].[PasswordHash], [u].[Role], [u].[Username]
      FROM [BlogPosts] AS [b]
      INNER JOIN [Users] AS [u] ON [b].[AuthorId] = [u].[Id]
      ORDER BY [b].[CreatedAt] DESC
info: Microsoft.EntityFrameworkCore.Database.Command[20101]
      Executed DbCommand (1ms) [Parameters=[], CommandType='Text', CommandTimeout='30']
      SELECT [l].[Id], [l].[Header], [l].[IsNumeric], [l].[Position]
      FROM [LeaveColumns] AS [l]
      ORDER BY [l].[Position]
info: Microsoft.EntityFrameworkCore.Database.Command[20101]
      Executed DbCommand (1ms) [Parameters=[], CommandType='Text', CommandTimeout='30']
      SELECT [l].[Id], [l].[CellsJson], [l].[Position]
      FROM [LeaveRows] AS [l]
      ORDER BY [l].[Position]
info: Microsoft.EntityFrameworkCore.Database.Command[20101]
      Executed DbCommand (1ms) [Parameters=[], CommandType='Text', CommandTimeout='30']
      SELECT [t].[Id], [t].[CheckIn], [t].[CheckOut], [t].[EmployeeName], [t].[Note], [t].[WorkDate], [t].[WorkHours]
      FROM [TimesheetEntries] AS [t]
      ORDER BY [t].[WorkDate], [t].[EmployeeName]
info: Microsoft.EntityFrameworkCore.Database.Command[20101]
      Executed DbCommand (2ms) [Parameters=[], CommandType='Text', CommandTimeout='30']
      SELECT [b].[Id], [b].[AuthorId], [b].[Content], [b].[CreatedAt], [b].[ImageUrl], [b].[Title], [u].[Id], [u].[AuthProvider], [u].[CreatedAt], [u].[Email], [u].[FullName], [u].[PasswordHash], [u].[Role], [u].[Username]
      FROM [BlogPosts] AS [b]
      INNER JOIN [Users] AS [u] ON [b].[AuthorId] = [u].[Id]
      ORDER BY [b].[CreatedAt] DESC
info: Microsoft.EntityFrameworkCore.Database.Command[20101]
      Executed DbCommand (1ms) [Parameters=[], CommandType='Text', CommandTimeout='30']
      SELECT [l].[Id], [l].[Header], [l].[IsNumeric], [l].[Position]
      FROM [LeaveColumns] AS [l]
      ORDER BY [l].[Position]
info: Microsoft.EntityFrameworkCore.Database.Command[20101]
      Executed DbCommand (1ms) [Parameters=[], CommandType='Text', CommandTimeout='30']
      SELECT [l].[Id], [l].[CellsJson], [l].[Position]
      FROM [LeaveRows] AS [l]
      ORDER BY [l].[Position]
info: Microsoft.EntityFrameworkCore.Database.Command[20101]
      Executed DbCommand (1ms) [Parameters=[], CommandType='Text', CommandTimeout='30']
      SELECT [t].[Id], [t].[CheckIn], [t].[CheckOut], [t].[EmployeeName], [t].[Note], [t].[WorkDate], [t].[WorkHours]
      FROM [TimesheetEntries] AS [t]
      ORDER BY [t].[WorkDate], [t].[EmployeeName]
info: Microsoft.EntityFrameworkCore.Database.Command[20101]
      Executed DbCommand (0ms) [Parameters=[], CommandType='Text', CommandTimeout='30']
      SELECT [b].[Id], [b].[AuthorId], [b].[Content], [b].[CreatedAt], [b].[ImageUrl], [b].[Title], [u].[Id], [u].[AuthProvider], [u].[CreatedAt], [u].[Email], [u].[FullName], [u].[PasswordHash], [u].[Role], [u].[Username]
      FROM [BlogPosts] AS [b]
      INNER JOIN [Users] AS [u] ON [b].[AuthorId] = [u].[Id]
      ORDER BY [b].[CreatedAt] DESC
info: Microsoft.EntityFrameworkCore.Database.Command[20101]
      Executed DbCommand (2ms) [Parameters=[], CommandType='Text', CommandTimeout='30']
      SELECT [b].[Id], [b].[AuthorId], [b].[Content], [b].[CreatedAt], [b].[ImageUrl], [b].[Title], [u].[Id], [u].[AuthProvider], [u].[CreatedAt], [u].[Email], [u].[FullName], [u].[PasswordHash], [u].[Role], [u].[Username]
      FROM [BlogPosts] AS [b]
      INNER JOIN [Users] AS [u] ON [b].[AuthorId] = [u].[Id]
      ORDER BY [b].[CreatedAt] DESC
info: Microsoft.EntityFrameworkCore.Database.Command[20101]
      Executed DbCommand (4ms) [Parameters=[], CommandType='Text', CommandTimeout='30']
      SELECT [b].[Id], [b].[AuthorId], [b].[Content], [b].[CreatedAt], [b].[ImageUrl], [b].[Title], [u].[Id], [u].[AuthProvider], [u].[CreatedAt], [u].[Email], [u].[FullName], [u].[PasswordHash], [u].[Role], [u].[Username]
      FROM [BlogPosts] AS [b]
      INNER JOIN [Users] AS [u] ON [b].[AuthorId] = [u].[Id]
      ORDER BY [b].[CreatedAt] DESC
info: Microsoft.EntityFrameworkCore.Database.Command[20101]
      Executed DbCommand (1ms) [Parameters=[], CommandType='Text', CommandTimeout='30']
      SELECT [l].[Id], [l].[Header], [l].[IsNumeric], [l].[Position]
      FROM [LeaveColumns] AS [l]
      ORDER BY [l].[Position]
info: Microsoft.EntityFrameworkCore.Database.Command[20101]
      Executed DbCommand (1ms) [Parameters=[], CommandType='Text', CommandTimeout='30']
      SELECT [l].[Id], [l].[CellsJson], [l].[Position]
      FROM [LeaveRows] AS [l]
      ORDER BY [l].[Position]
info: Microsoft.EntityFrameworkCore.Database.Command[20101]
      Executed DbCommand (1ms) [Parameters=[], CommandType='Text', CommandTimeout='30']
      SELECT [t].[Id], [t].[CheckIn], [t].[CheckOut], [t].[EmployeeName], [t].[Note], [t].[WorkDate], [t].[WorkHours]
      FROM [TimesheetEntries] AS [t]
      ORDER BY [t].[WorkDate], [t].[EmployeeName]
info: Microsoft.EntityFrameworkCore.Database.Command[20101]
      Executed DbCommand (2ms) [Parameters=[], CommandType='Text', CommandTimeout='30']
      SELECT [b].[Id], [b].[AuthorId], [b].[Content], [b].[CreatedAt], [b].[ImageUrl], [b].[Title], [u].[Id], [u].[AuthProvider], [u].[CreatedAt], [u].[Email], [u].[FullName], [u].[PasswordHash], [u].[Role], [u].[Username]
      FROM [BlogPosts] AS [b]
      INNER JOIN [Users] AS [u] ON [b].[AuthorId] = [u].[Id]
      ORDER BY [b].[CreatedAt] DESC
info: Microsoft.EntityFrameworkCore.Database.Command[20101]
      Executed DbCommand (6ms) [Parameters=[@__request_Username_0='?' (Size = 100)], CommandType='Text', CommandTimeout='30']
      SELECT TOP(1) [u].[Id], [u].[AuthProvider], [u].[CreatedAt], [u].[Email], [u].[FullName], [u].[PasswordHash], [u].[Role], [u].[Username]
      FROM [Users] AS [u]
      WHERE [u].[Username] = @__request_Username_0
info: Microsoft.EntityFrameworkCore.Database.Command[20101]
      Executed DbCommand (7ms) [Parameters=[], CommandType='Text', CommandTimeout='30']
      SELECT [b].[Id], [b].[AuthorId], [b].[Content], [b].[CreatedAt], [b].[ImageUrl], [b].[Title], [u].[Id], [u].[AuthProvider], [u].[CreatedAt], [u].[Email], [u].[FullName], [u].[PasswordHash], [u].[Role], [u].[Username]
      FROM [BlogPosts] AS [b]
      INNER JOIN [Users] AS [u] ON [b].[AuthorId] = [u].[Id]
      ORDER BY [b].[CreatedAt] DESC
info: Microsoft.EntityFrameworkCore.Database.Command[20101]
      Executed DbCommand (4ms) [Parameters=[], CommandType='Text', CommandTimeout='30']
      SELECT [t].[Id], [t].[CheckIn], [t].[CheckOut], [t].[EmployeeName], [t].[Note], [t].[WorkDate], [t].[WorkHours]
      FROM [TimesheetEntries] AS [t]
      ORDER BY [t].[WorkDate], [t].[EmployeeName]
info: Microsoft.EntityFrameworkCore.Database.Command[20101]
      Executed DbCommand (4ms) [Parameters=[], CommandType='Text', CommandTimeout='30']
      SELECT [l].[Id], [l].[Header], [l].[IsNumeric], [l].[Position]
      FROM [LeaveColumns] AS [l]
      ORDER BY [l].[Position]
info: Microsoft.EntityFrameworkCore.Database.Command[20101]
      Executed DbCommand (2ms) [Parameters=[], CommandType='Text', CommandTimeout='30']
      SELECT [l].[Id], [l].[CellsJson], [l].[Position]
      FROM [LeaveRows] AS [l]
      ORDER BY [l].[Position]
info: Microsoft.EntityFrameworkCore.Database.Command[20101]
      Executed DbCommand (3ms) [Parameters=[], CommandType='Text', CommandTimeout='30']
      SELECT [u].[Id], [u].[Username], [u].[FullName], [u].[Role], [u].[CreatedAt]
      FROM [Users] AS [u]
      ORDER BY [u].[Id]
info: Microsoft.EntityFrameworkCore.Database.Command[20101]
      Executed DbCommand (2ms) [Parameters=[], CommandType='Text', CommandTimeout='30']
      SELECT [b].[Id], [b].[AuthorId], [b].[Content], [b].[CreatedAt], [b].[ImageUrl], [b].[Title], [u].[Id], [u].[AuthProvider], [u].[CreatedAt], [u].[Email], [u].[FullName], [u].[PasswordHash], [u].[Role], [u].[Username]
      FROM [BlogPosts] AS [b]
      INNER JOIN [Users] AS [u] ON [b].[AuthorId] = [u].[Id]
      ORDER BY [b].[CreatedAt] DESC
info: Microsoft.EntityFrameworkCore.Database.Command[20101]
      Executed DbCommand (1ms) [Parameters=[], CommandType='Text', CommandTimeout='30']
      SELECT [l].[Id], [l].[Header], [l].[IsNumeric], [l].[Position]
      FROM [LeaveColumns] AS [l]
      ORDER BY [l].[Position]
info: Microsoft.EntityFrameworkCore.Database.Command[20101]
      Executed DbCommand (1ms) [Parameters=[], CommandType='Text', CommandTimeout='30']
      SELECT [l].[Id], [l].[CellsJson], [l].[Position]
      FROM [LeaveRows] AS [l]
      ORDER BY [l].[Position]
info: Microsoft.EntityFrameworkCore.Database.Command[20101]
      Executed DbCommand (2ms) [Parameters=[], CommandType='Text', CommandTimeout='30']
      SELECT [t].[Id], [t].[CheckIn], [t].[CheckOut], [t].[EmployeeName], [t].[Note], [t].[WorkDate], [t].[WorkHours]
      FROM [TimesheetEntries] AS [t]
      ORDER BY [t].[WorkDate], [t].[EmployeeName]
info: Microsoft.EntityFrameworkCore.Database.Command[20101]
      Executed DbCommand (3ms) [Parameters=[], CommandType='Text', CommandTimeout='30']
      SELECT [m].[Id], [m].[CreatedAt], [m].[CreatedById], [m].[Description], [m].[EndTime], [m].[MeetingDate], [m].[StartTime], [m].[Title], [u].[Id], [u].[AuthProvider], [u].[CreatedAt], [u].[Email], [u].[FullName], [u].[PasswordHash], [u].[Role], [u].[Username]
      FROM [Meetings] AS [m]
      INNER JOIN [Users] AS [u] ON [m].[CreatedById] = [u].[Id]
      ORDER BY [m].[MeetingDate], [m].[StartTime]
info: Microsoft.EntityFrameworkCore.Database.Command[20101]
      Executed DbCommand (3ms) [Parameters=[], CommandType='Text', CommandTimeout='30']
      SELECT [u].[Id], [u].[Username], [u].[FullName], [u].[Role], [u].[CreatedAt]
      FROM [Users] AS [u]
      ORDER BY [u].[Id]
info: Microsoft.EntityFrameworkCore.Database.Command[20101]
      Executed DbCommand (5ms) [Parameters=[], CommandType='Text', CommandTimeout='30']
      SELECT [u].[Id], [u].[Username], [u].[FullName], [u].[Role], [u].[CreatedAt]
      FROM [Users] AS [u]
      ORDER BY [u].[Id]
info: Microsoft.EntityFrameworkCore.Database.Command[20101]
      Executed DbCommand (7ms) [Parameters=[], CommandType='Text', CommandTimeout='30']
      SELECT [b].[Id], [b].[AuthorId], [b].[Content], [b].[CreatedAt], [b].[ImageUrl], [b].[Title], [u].[Id], [u].[AuthProvider], [u].[CreatedAt], [u].[Email], [u].[FullName], [u].[PasswordHash], [u].[Role], [u].[Username]
      FROM [BlogPosts] AS [b]
      INNER JOIN [Users] AS [u] ON [b].[AuthorId] = [u].[Id]
      ORDER BY [b].[CreatedAt] DESC
info: Microsoft.EntityFrameworkCore.Database.Command[20101]
      Executed DbCommand (2ms) [Parameters=[], CommandType='Text', CommandTimeout='30']
      SELECT [b].[Id], [b].[AuthorId], [b].[Content], [b].[CreatedAt], [b].[ImageUrl], [b].[Title], [u].[Id], [u].[AuthProvider], [u].[CreatedAt], [u].[Email], [u].[FullName], [u].[PasswordHash], [u].[Role], [u].[Username]
      FROM [BlogPosts] AS [b]
      INNER JOIN [Users] AS [u] ON [b].[AuthorId] = [u].[Id]
      ORDER BY [b].[CreatedAt] DESC
info: Microsoft.EntityFrameworkCore.Database.Command[20101]
      Executed DbCommand (0ms) [Parameters=[], CommandType='Text', CommandTimeout='30']
      SELECT [b].[Id], [b].[AuthorId], [b].[Content], [b].[CreatedAt], [b].[ImageUrl], [b].[Title], [u].[Id], [u].[AuthProvider], [u].[CreatedAt], [u].[Email], [u].[FullName], [u].[PasswordHash], [u].[Role], [u].[Username]
      FROM [BlogPosts] AS [b]
      INNER JOIN [Users] AS [u] ON [b].[AuthorId] = [u].[Id]
      ORDER BY [b].[CreatedAt] DESC
info: Microsoft.EntityFrameworkCore.Database.Command[20101]
      Executed DbCommand (1ms) [Parameters=[], CommandType='Text', CommandTimeout='30']
      SELECT [l].[Id], [l].[Header], [l].[IsNumeric], [l].[Position]
      FROM [LeaveColumns] AS [l]
      ORDER BY [l].[Position]
info: Microsoft.EntityFrameworkCore.Database.Command[20101]
      Executed DbCommand (1ms) [Parameters=[], CommandType='Text', CommandTimeout='30']
      SELECT [l].[Id], [l].[CellsJson], [l].[Position]
      FROM [LeaveRows] AS [l]
      ORDER BY [l].[Position]
info: Microsoft.EntityFrameworkCore.Database.Command[20101]
      Executed DbCommand (1ms) [Parameters=[], CommandType='Text', CommandTimeout='30']
      SELECT [t].[Id], [t].[CheckIn], [t].[CheckOut], [t].[EmployeeName], [t].[Note], [t].[WorkDate], [t].[WorkHours]
      FROM [TimesheetEntries] AS [t]
      ORDER BY [t].[WorkDate], [t].[EmployeeName]
info: Microsoft.EntityFrameworkCore.Database.Command[20101]
      Executed DbCommand (2ms) [Parameters=[], CommandType='Text', CommandTimeout='30']
      SELECT [m].[Id], [m].[CreatedAt], [m].[CreatedById], [m].[Description], [m].[EndTime], [m].[MeetingDate], [m].[StartTime], [m].[Title], [u].[Id], [u].[AuthProvider], [u].[CreatedAt], [u].[Email], [u].[FullName], [u].[PasswordHash], [u].[Role], [u].[Username]
      FROM [Meetings] AS [m]
      INNER JOIN [Users] AS [u] ON [m].[CreatedById] = [u].[Id]
      ORDER BY [m].[MeetingDate], [m].[StartTime]
info: Microsoft.EntityFrameworkCore.Database.Command[20101]
      Executed DbCommand (0ms) [Parameters=[], CommandType='Text', CommandTimeout='30']
      SELECT [m].[Id], [m].[CreatedAt], [m].[CreatedById], [m].[Description], [m].[EndTime], [m].[MeetingDate], [m].[StartTime], [m].[Title], [u].[Id], [u].[AuthProvider], [u].[CreatedAt], [u].[Email], [u].[FullName], [u].[PasswordHash], [u].[Role], [u].[Username]
      FROM [Meetings] AS [m]
      INNER JOIN [Users] AS [u] ON [m].[CreatedById] = [u].[Id]
      ORDER BY [m].[MeetingDate], [m].[StartTime]
info: Microsoft.EntityFrameworkCore.Database.Command[20101]
      Executed DbCommand (4ms) [Parameters=[], CommandType='Text', CommandTimeout='30']
      SELECT [m].[Id], [m].[CreatedAt], [m].[CreatedById], [m].[Description], [m].[EndTime], [m].[MeetingDate], [m].[StartTime], [m].[Title], [u].[Id], [u].[AuthProvider], [u].[CreatedAt], [u].[Email], [u].[FullName], [u].[PasswordHash], [u].[Role], [u].[Username]
      FROM [Meetings] AS [m]
      INNER JOIN [Users] AS [u] ON [m].[CreatedById] = [u].[Id]
      ORDER BY [m].[MeetingDate], [m].[StartTime]
info: Microsoft.EntityFrameworkCore.Database.Command[20101]
      Executed DbCommand (4ms) [Parameters=[], CommandType='Text', CommandTimeout='30']
      SELECT [m].[Id], [m].[CreatedAt], [m].[CreatedById], [m].[Description], [m].[EndTime], [m].[MeetingDate], [m].[StartTime], [m].[Title], [u].[Id], [u].[AuthProvider], [u].[CreatedAt], [u].[Email], [u].[FullName], [u].[PasswordHash], [u].[Role], [u].[Username]
      FROM [Meetings] AS [m]
      INNER JOIN [Users] AS [u] ON [m].[CreatedById] = [u].[Id]
      ORDER BY [m].[MeetingDate], [m].[StartTime]
info: Microsoft.EntityFrameworkCore.Database.Command[20101]
      Executed DbCommand (3ms) [Parameters=[], CommandType='Text', CommandTimeout='30']
      SELECT [b].[Id], [b].[AuthorId], [b].[Content], [b].[CreatedAt], [b].[ImageUrl], [b].[Title], [u].[Id], [u].[AuthProvider], [u].[CreatedAt], [u].[Email], [u].[FullName], [u].[PasswordHash], [u].[Role], [u].[Username]
      FROM [BlogPosts] AS [b]
      INNER JOIN [Users] AS [u] ON [b].[AuthorId] = [u].[Id]
      ORDER BY [b].[CreatedAt] DESC
info: Microsoft.EntityFrameworkCore.Database.Command[20101]
      Executed DbCommand (1ms) [Parameters=[], CommandType='Text', CommandTimeout='30']
      SELECT [l].[Id], [l].[Header], [l].[IsNumeric], [l].[Position]
      FROM [LeaveColumns] AS [l]
      ORDER BY [l].[Position]
info: Microsoft.EntityFrameworkCore.Database.Command[20101]
      Executed DbCommand (1ms) [Parameters=[], CommandType='Text', CommandTimeout='30']
      SELECT [l].[Id], [l].[CellsJson], [l].[Position]
      FROM [LeaveRows] AS [l]
      ORDER BY [l].[Position]
info: Microsoft.EntityFrameworkCore.Database.Command[20101]
      Executed DbCommand (1ms) [Parameters=[], CommandType='Text', CommandTimeout='30']
      SELECT [t].[Id], [t].[CheckIn], [t].[CheckOut], [t].[EmployeeName], [t].[Note], [t].[WorkDate], [t].[WorkHours]
      FROM [TimesheetEntries] AS [t]
      ORDER BY [t].[WorkDate], [t].[EmployeeName]
info: Microsoft.EntityFrameworkCore.Database.Command[20101]
      Executed DbCommand (0ms) [Parameters=[], CommandType='Text', CommandTimeout='30']
      SELECT [l].[Id], [l].[Header], [l].[IsNumeric], [l].[Position]
      FROM [LeaveColumns] AS [l]
      ORDER BY [l].[Position]
info: Microsoft.EntityFrameworkCore.Database.Command[20101]
      Executed DbCommand (0ms) [Parameters=[], CommandType='Text', CommandTimeout='30']
      SELECT [l].[Id], [l].[CellsJson], [l].[Position]
      FROM [LeaveRows] AS [l]
      ORDER BY [l].[Position]
info: Microsoft.EntityFrameworkCore.Database.Command[20101]
      Executed DbCommand (1ms) [Parameters=[], CommandType='Text', CommandTimeout='30']
      SELECT [l].[Id], [l].[Header], [l].[IsNumeric], [l].[Position]
      FROM [LeaveColumns] AS [l]
      ORDER BY [l].[Position]
info: Microsoft.EntityFrameworkCore.Database.Command[20101]
      Executed DbCommand (1ms) [Parameters=[], CommandType='Text', CommandTimeout='30']
      SELECT [l].[Id], [l].[CellsJson], [l].[Position]
      FROM [LeaveRows] AS [l]
      ORDER BY [l].[Position]
info: Microsoft.EntityFrameworkCore.Database.Command[20101]
      Executed DbCommand (0ms) [Parameters=[], CommandType='Text', CommandTimeout='30']
      SELECT [l].[Id], [l].[Header], [l].[IsNumeric], [l].[Position]
      FROM [LeaveColumns] AS [l]
      ORDER BY [l].[Position]
info: Microsoft.EntityFrameworkCore.Database.Command[20101]
      Executed DbCommand (0ms) [Parameters=[], CommandType='Text', CommandTimeout='30']
      SELECT [l].[Id], [l].[CellsJson], [l].[Position]
      FROM [LeaveRows] AS [l]
      ORDER BY [l].[Position]
info: Microsoft.EntityFrameworkCore.Database.Command[20101]
      Executed DbCommand (0ms) [Parameters=[], CommandType='Text', CommandTimeout='30']
      SELECT [l].[Id], [l].[Header], [l].[IsNumeric], [l].[Position]
      FROM [LeaveColumns] AS [l]
      ORDER BY [l].[Position]
info: Microsoft.EntityFrameworkCore.Database.Command[20101]
      Executed DbCommand (0ms) [Parameters=[], CommandType='Text', CommandTimeout='30']
      SELECT [l].[Id], [l].[CellsJson], [l].[Position]
      FROM [LeaveRows] AS [l]
      ORDER BY [l].[Position]
info: Microsoft.EntityFrameworkCore.Database.Command[20101]
      Executed DbCommand (0ms) [Parameters=[], CommandType='Text', CommandTimeout='30']
      SELECT [l].[Id], [l].[Header], [l].[IsNumeric], [l].[Position]
      FROM [LeaveColumns] AS [l]
      ORDER BY [l].[Position]
info: Microsoft.EntityFrameworkCore.Database.Command[20101]
      Executed DbCommand (0ms) [Parameters=[], CommandType='Text', CommandTimeout='30']
      SELECT [l].[Id], [l].[CellsJson], [l].[Position]
      FROM [LeaveRows] AS [l]
      ORDER BY [l].[Position]
info: Microsoft.EntityFrameworkCore.Database.Command[20101]
      Executed DbCommand (1ms) [Parameters=[], CommandType='Text', CommandTimeout='30']
      SELECT [l].[Id], [l].[Header], [l].[IsNumeric], [l].[Position]
      FROM [LeaveColumns] AS [l]
      ORDER BY [l].[Position]
info: Microsoft.EntityFrameworkCore.Database.Command[20101]
      Executed DbCommand (0ms) [Parameters=[], CommandType='Text', CommandTimeout='30']
      SELECT [l].[Id], [l].[CellsJson], [l].[Position]
      FROM [LeaveRows] AS [l]
      ORDER BY [l].[Position]
info: Microsoft.EntityFrameworkCore.Database.Command[20101]
      Executed DbCommand (1ms) [Parameters=[], CommandType='Text', CommandTimeout='30']
      SELECT [l].[Id], [l].[Header], [l].[IsNumeric], [l].[Position]
      FROM [LeaveColumns] AS [l]
      ORDER BY [l].[Position]
info: Microsoft.EntityFrameworkCore.Database.Command[20101]
      Executed DbCommand (0ms) [Parameters=[], CommandType='Text', CommandTimeout='30']
      SELECT [l].[Id], [l].[CellsJson], [l].[Position]
      FROM [LeaveRows] AS [l]
      ORDER BY [l].[Position]
info: Microsoft.EntityFrameworkCore.Database.Command[20101]
      Executed DbCommand (0ms) [Parameters=[], CommandType='Text', CommandTimeout='30']
      SELECT [l].[Id], [l].[Header], [l].[IsNumeric], [l].[Position]
      FROM [LeaveColumns] AS [l]
      ORDER BY [l].[Position]
info: Microsoft.EntityFrameworkCore.Database.Command[20101]
      Executed DbCommand (0ms) [Parameters=[], CommandType='Text', CommandTimeout='30']
      SELECT [l].[Id], [l].[CellsJson], [l].[Position]
      FROM [LeaveRows] AS [l]
      ORDER BY [l].[Position]
info: Microsoft.EntityFrameworkCore.Database.Command[20101]
      Executed DbCommand (1ms) [Parameters=[], CommandType='Text', CommandTimeout='30']
      SELECT [l].[Id], [l].[Header], [l].[IsNumeric], [l].[Position]
      FROM [LeaveColumns] AS [l]
      ORDER BY [l].[Position]
info: Microsoft.EntityFrameworkCore.Database.Command[20101]
      Executed DbCommand (0ms) [Parameters=[], CommandType='Text', CommandTimeout='30']
      SELECT [l].[Id], [l].[CellsJson], [l].[Position]
      FROM [LeaveRows] AS [l]
      ORDER BY [l].[Position]
info: Microsoft.EntityFrameworkCore.Database.Command[20101]
      Executed DbCommand (2ms) [Parameters=[], CommandType='Text', CommandTimeout='30']
      SELECT [b].[Id], [b].[AuthorId], [b].[Content], [b].[CreatedAt], [b].[ImageUrl], [b].[Title], [u].[Id], [u].[AuthProvider], [u].[CreatedAt], [u].[Email], [u].[FullName], [u].[PasswordHash], [u].[Role], [u].[Username]
      FROM [BlogPosts] AS [b]
      INNER JOIN [Users] AS [u] ON [b].[AuthorId] = [u].[Id]
      ORDER BY [b].[CreatedAt] DESC
info: Microsoft.EntityFrameworkCore.Database.Command[20101]
      Executed DbCommand (5ms) [Parameters=[], CommandType='Text', CommandTimeout='30']
      SELECT [b].[Id], [b].[AuthorId], [b].[Content], [b].[CreatedAt], [b].[ImageUrl], [b].[Title], [u].[Id], [u].[AuthProvider], [u].[CreatedAt], [u].[Email], [u].[FullName], [u].[PasswordHash], [u].[Role], [u].[Username]
      FROM [BlogPosts] AS [b]
      INNER JOIN [Users] AS [u] ON [b].[AuthorId] = [u].[Id]
      ORDER BY [b].[CreatedAt] DESC
info: Microsoft.EntityFrameworkCore.Database.Command[20101]
      Executed DbCommand (1ms) [Parameters=[], CommandType='Text', CommandTimeout='30']
      SELECT [l].[Id], [l].[Header], [l].[IsNumeric], [l].[Position]
      FROM [LeaveColumns] AS [l]
      ORDER BY [l].[Position]
info: Microsoft.EntityFrameworkCore.Database.Command[20101]
      Executed DbCommand (1ms) [Parameters=[], CommandType='Text', CommandTimeout='30']
      SELECT [l].[Id], [l].[CellsJson], [l].[Position]
      FROM [LeaveRows] AS [l]
      ORDER BY [l].[Position]
info: Microsoft.EntityFrameworkCore.Database.Command[20101]
      Executed DbCommand (1ms) [Parameters=[], CommandType='Text', CommandTimeout='30']
      SELECT [t].[Id], [t].[CheckIn], [t].[CheckOut], [t].[EmployeeName], [t].[Note], [t].[WorkDate], [t].[WorkHours]
      FROM [TimesheetEntries] AS [t]
      ORDER BY [t].[WorkDate], [t].[EmployeeName]
info: Microsoft.EntityFrameworkCore.Database.Command[20101]
      Executed DbCommand (2ms) [Parameters=[], CommandType='Text', CommandTimeout='30']
      SELECT [m].[Id], [m].[CreatedAt], [m].[CreatedById], [m].[Description], [m].[EndTime], [m].[MeetingDate], [m].[StartTime], [m].[Title], [u].[Id], [u].[AuthProvider], [u].[CreatedAt], [u].[Email], [u].[FullName], [u].[PasswordHash], [u].[Role], [u].[Username]
      FROM [Meetings] AS [m]
      INNER JOIN [Users] AS [u] ON [m].[CreatedById] = [u].[Id]
      ORDER BY [m].[MeetingDate], [m].[StartTime]
info: Microsoft.EntityFrameworkCore.Database.Command[20101]
      Executed DbCommand (2ms) [Parameters=[@__request_Username_0='?' (Size = 100)], CommandType='Text', CommandTimeout='30']
      SELECT TOP(1) [u].[Id], [u].[AuthProvider], [u].[CreatedAt], [u].[Email], [u].[FullName], [u].[PasswordHash], [u].[Role], [u].[Username]
      FROM [Users] AS [u]
      WHERE [u].[Username] = @__request_Username_0
info: Microsoft.EntityFrameworkCore.Database.Command[20101]
      Executed DbCommand (1ms) [Parameters=[], CommandType='Text', CommandTimeout='30']
      SELECT [l].[Id], [l].[Header], [l].[IsNumeric], [l].[Position]
      FROM [LeaveColumns] AS [l]
      ORDER BY [l].[Position]
info: Microsoft.EntityFrameworkCore.Database.Command[20101]
      Executed DbCommand (1ms) [Parameters=[], CommandType='Text', CommandTimeout='30']
      SELECT [l].[Id], [l].[CellsJson], [l].[Position]
      FROM [LeaveRows] AS [l]
      ORDER BY [l].[Position]
info: Microsoft.EntityFrameworkCore.Database.Command[20101]
      Executed DbCommand (3ms) [Parameters=[], CommandType='Text', CommandTimeout='30']
      SELECT [b].[Id], [b].[AuthorId], [b].[Content], [b].[CreatedAt], [b].[ImageUrl], [b].[Title], [u].[Id], [u].[AuthProvider], [u].[CreatedAt], [u].[Email], [u].[FullName], [u].[PasswordHash], [u].[Role], [u].[Username]
      FROM [BlogPosts] AS [b]
      INNER JOIN [Users] AS [u] ON [b].[AuthorId] = [u].[Id]
      ORDER BY [b].[CreatedAt] DESC
info: Microsoft.EntityFrameworkCore.Database.Command[20101]
      Executed DbCommand (1ms) [Parameters=[], CommandType='Text', CommandTimeout='30']
      SELECT [t].[Id], [t].[CheckIn], [t].[CheckOut], [t].[EmployeeName], [t].[Note], [t].[WorkDate], [t].[WorkHours]
      FROM [TimesheetEntries] AS [t]
      ORDER BY [t].[WorkDate], [t].[EmployeeName]
info: Microsoft.EntityFrameworkCore.Database.Command[20101]
      Executed DbCommand (2ms) [Parameters=[], CommandType='Text', CommandTimeout='30']
      SELECT [m].[Id], [m].[CreatedAt], [m].[CreatedById], [m].[Description], [m].[EndTime], [m].[MeetingDate], [m].[StartTime], [m].[Title], [u].[Id], [u].[AuthProvider], [u].[CreatedAt], [u].[Email], [u].[FullName], [u].[PasswordHash], [u].[Role], [u].[Username]
      FROM [Meetings] AS [m]
      INNER JOIN [Users] AS [u] ON [m].[CreatedById] = [u].[Id]
      ORDER BY [m].[MeetingDate], [m].[StartTime]
info: Microsoft.EntityFrameworkCore.Database.Command[20101]
      Executed DbCommand (1ms) [Parameters=[], CommandType='Text', CommandTimeout='30']
      SELECT [u].[Id], [u].[Username], [u].[FullName], [u].[Role], [u].[CreatedAt]
      FROM [Users] AS [u]
      ORDER BY [u].[Id]
info: Microsoft.EntityFrameworkCore.Database.Command[20101]
      Executed DbCommand (7ms) [Parameters=[@__request_Username_0='?' (Size = 100)], CommandType='Text', CommandTimeout='30']
      SELECT TOP(1) [u].[Id], [u].[AuthProvider], [u].[CreatedAt], [u].[Email], [u].[FullName], [u].[PasswordHash], [u].[Role], [u].[Username]
      FROM [Users] AS [u]
      WHERE [u].[Username] = @__request_Username_0
info: Microsoft.EntityFrameworkCore.Database.Command[20101]
      Executed DbCommand (8ms) [Parameters=[@__request_Username_0='?' (Size = 100)], CommandType='Text', CommandTimeout='30']
      SELECT TOP(1) [u].[Id], [u].[AuthProvider], [u].[CreatedAt], [u].[Email], [u].[FullName], [u].[PasswordHash], [u].[Role], [u].[Username]
      FROM [Users] AS [u]
      WHERE [u].[Username] = @__request_Username_0
info: Microsoft.EntityFrameworkCore.Database.Command[20101]
      Executed DbCommand (5ms) [Parameters=[], CommandType='Text', CommandTimeout='30']
      SELECT [b].[Id], [b].[AuthorId], [b].[Content], [b].[CreatedAt], [b].[ImageUrl], [b].[Title], [u].[Id], [u].[AuthProvider], [u].[CreatedAt], [u].[Email], [u].[FullName], [u].[PasswordHash], [u].[Role], [u].[Username]
      FROM [BlogPosts] AS [b]
      INNER JOIN [Users] AS [u] ON [b].[AuthorId] = [u].[Id]
      ORDER BY [b].[CreatedAt] DESC
info: Microsoft.EntityFrameworkCore.Database.Command[20101]
      Executed DbCommand (2ms) [Parameters=[], CommandType='Text', CommandTimeout='30']
      SELECT [l].[Id], [l].[Header], [l].[IsNumeric], [l].[Position]
      FROM [LeaveColumns] AS [l]
      ORDER BY [l].[Position]
info: Microsoft.EntityFrameworkCore.Database.Command[20101]
      Executed DbCommand (2ms) [Parameters=[], CommandType='Text', CommandTimeout='30']
      SELECT [l].[Id], [l].[CellsJson], [l].[Position]
      FROM [LeaveRows] AS [l]
      ORDER BY [l].[Position]
info: Microsoft.EntityFrameworkCore.Database.Command[20101]
      Executed DbCommand (1ms) [Parameters=[], CommandType='Text', CommandTimeout='30']
      SELECT [l].[Id], [l].[Header], [l].[IsNumeric], [l].[Position]
      FROM [LeaveColumns] AS [l]
      ORDER BY [l].[Position]
info: Microsoft.EntityFrameworkCore.Database.Command[20101]
      Executed DbCommand (1ms) [Parameters=[], CommandType='Text', CommandTimeout='30']
      SELECT [l].[Id], [l].[CellsJson], [l].[Position]
      FROM [LeaveRows] AS [l]
      ORDER BY [l].[Position]
info: Microsoft.EntityFrameworkCore.Database.Command[20101]
      Executed DbCommand (1ms) [Parameters=[], CommandType='Text', CommandTimeout='30']
      SELECT [l].[Id], [l].[Header], [l].[IsNumeric], [l].[Position]
      FROM [LeaveColumns] AS [l]
      ORDER BY [l].[Position]
info: Microsoft.EntityFrameworkCore.Database.Command[20101]
      Executed DbCommand (1ms) [Parameters=[], CommandType='Text', CommandTimeout='30']
      SELECT [l].[Id], [l].[CellsJson], [l].[Position]
      FROM [LeaveRows] AS [l]
      ORDER BY [l].[Position]
info: Microsoft.EntityFrameworkCore.Database.Command[20101]
      Executed DbCommand (2ms) [Parameters=[], CommandType='Text', CommandTimeout='30']
      SELECT [t].[Id], [t].[CheckIn], [t].[CheckOut], [t].[EmployeeName], [t].[Note], [t].[WorkDate], [t].[WorkHours]
      FROM [TimesheetEntries] AS [t]
      ORDER BY [t].[WorkDate], [t].[EmployeeName]
info: Microsoft.EntityFrameworkCore.Database.Command[20101]
      Executed DbCommand (8ms) [Parameters=[], CommandType='Text', CommandTimeout='30']
      SELECT [m].[Id], [m].[CreatedAt], [m].[CreatedById], [m].[Description], [m].[EndTime], [m].[MeetingDate], [m].[StartTime], [m].[Title], [u].[Id], [u].[AuthProvider], [u].[CreatedAt], [u].[Email], [u].[FullName], [u].[PasswordHash], [u].[Role], [u].[Username]
      FROM [Meetings] AS [m]
      INNER JOIN [Users] AS [u] ON [m].[CreatedById] = [u].[Id]
      ORDER BY [m].[MeetingDate], [m].[StartTime]
info: Microsoft.EntityFrameworkCore.Database.Command[20101]
      Executed DbCommand (5ms) [Parameters=[], CommandType='Text', CommandTimeout='30']
      SELECT [u].[Id], [u].[Username], [u].[FullName], [u].[Role], [u].[CreatedAt]
      FROM [Users] AS [u]
      ORDER BY [u].[Id]
info: Microsoft.EntityFrameworkCore.Database.Command[20101]
      Executed DbCommand (7ms) [Parameters=[], CommandType='Text', CommandTimeout='30']
      SELECT [b].[Id], [b].[AuthorId], [b].[Content], [b].[CreatedAt], [b].[ImageUrl], [b].[Title], [u].[Id], [u].[AuthProvider], [u].[CreatedAt], [u].[Email], [u].[FullName], [u].[PasswordHash], [u].[Role], [u].[Username]
      FROM [BlogPosts] AS [b]
      INNER JOIN [Users] AS [u] ON [b].[AuthorId] = [u].[Id]
      ORDER BY [b].[CreatedAt] DESC
info: Microsoft.EntityFrameworkCore.Database.Command[20101]
      Executed DbCommand (7ms) [Parameters=[@__request_Username_0='?' (Size = 100)], CommandType='Text', CommandTimeout='30']
      SELECT TOP(1) [u].[Id], [u].[AuthProvider], [u].[CreatedAt], [u].[Email], [u].[FullName], [u].[PasswordHash], [u].[Role], [u].[Username]
      FROM [Users] AS [u]
      WHERE [u].[Username] = @__request_Username_0
info: Microsoft.EntityFrameworkCore.Database.Command[20101]
      Executed DbCommand (7ms) [Parameters=[], CommandType='Text', CommandTimeout='30']
      SELECT [b].[Id], [b].[AuthorId], [b].[Content], [b].[CreatedAt], [b].[ImageUrl], [b].[Title], [u].[Id], [u].[AuthProvider], [u].[CreatedAt], [u].[Email], [u].[FullName], [u].[PasswordHash], [u].[Role], [u].[Username]
      FROM [BlogPosts] AS [b]
      INNER JOIN [Users] AS [u] ON [b].[AuthorId] = [u].[Id]
      ORDER BY [b].[CreatedAt] DESC
info: Microsoft.EntityFrameworkCore.Database.Command[20101]
      Executed DbCommand (3ms) [Parameters=[], CommandType='Text', CommandTimeout='30']
      SELECT [l].[Id], [l].[Header], [l].[IsNumeric], [l].[Position]
      FROM [LeaveColumns] AS [l]
      ORDER BY [l].[Position]
info: Microsoft.EntityFrameworkCore.Database.Command[20101]
      Executed DbCommand (3ms) [Parameters=[], CommandType='Text', CommandTimeout='30']
      SELECT [l].[Id], [l].[CellsJson], [l].[Position]
      FROM [LeaveRows] AS [l]
      ORDER BY [l].[Position]
info: Microsoft.EntityFrameworkCore.Database.Command[20101]
      Executed DbCommand (5ms) [Parameters=[], CommandType='Text', CommandTimeout='30']
      SELECT [t].[Id], [t].[CheckIn], [t].[CheckOut], [t].[EmployeeName], [t].[Note], [t].[WorkDate], [t].[WorkHours]
      FROM [TimesheetEntries] AS [t]
      ORDER BY [t].[WorkDate], [t].[EmployeeName]
info: Microsoft.EntityFrameworkCore.Database.Command[20101]
      Executed DbCommand (2ms) [Parameters=[], CommandType='Text', CommandTimeout='30']
      SELECT [m].[Id], [m].[CreatedAt], [m].[CreatedById], [m].[Description], [m].[EndTime], [m].[MeetingDate], [m].[StartTime], [m].[Title], [u].[Id], [u].[AuthProvider], [u].[CreatedAt], [u].[Email], [u].[FullName], [u].[PasswordHash], [u].[Role], [u].[Username]
      FROM [Meetings] AS [m]
      INNER JOIN [Users] AS [u] ON [m].[CreatedById] = [u].[Id]
      ORDER BY [m].[MeetingDate], [m].[StartTime]
info: Microsoft.EntityFrameworkCore.Database.Command[20101]
      Executed DbCommand (5ms) [Parameters=[], CommandType='Text', CommandTimeout='30']
      SELECT [u].[Id], [u].[Username], [u].[FullName], [u].[Role], [u].[CreatedAt]
      FROM [Users] AS [u]
      ORDER BY [u].[Id]
